Cluster_Labels,CVEGEO,total_hospitales,total_consultorios,total_medicos,total_enfermeros,total_practicantes_medicos,POBTOT,POBMAS,POBFEM,PSINDER,PDER_SS,VIVTOT,VPH_S_ELEC,VPH_AGUAFV,VPH_NODREN
2,1402300010153,1,0,0,0,0,3495,1712,1712,1712,1712,1177,0,0,0
3,1400100010122,3,6,11,8,0,1286,644,644,644,644,407,0,0,0
3,1400200010030,3,8,11,6,0,3574,1767,1767,1767,1767,1329,3,0,3
2,1400200020045,1,3,4,3,0,4496,2194,2194,2194,2194,1418,0,0,0
1,1400300010146,1,5,9,7,0,565,297,297,297,297,185,0,0,0
1,1400500010066,1,2,6,3,0,2277,1092,1092,1092,1092,712,0,0,3
2,1400600010203,2,12,16,19,2,2908,1381,1381,1381,1381,1098,3,4,0
1,1400800010195,1,5,9,7,0,2166,1057,1057,1057,1057,782,0,0,0
2,1400900010065,2,3,6,2,0,2800,1357,1357,1357,1357,908,0,0,0
2,1401300010053,1,7,14,17,0,3761,1816,1816,1816,1816,1319,0,0,0
2,1401500010058,1,20,64,77,0,3718,1763,1763,1763,1763,1753,0,0,0
3,1401600010093,5,9,12,12,4,2706,1292,1292,1292,1292,905,0,0,4
3,1401700010071,4,8,8,14,1,1761,850,850,850,850,733,0,0,3
1,1401800010276,1,5,8,8,0,1040,507,507,507,507,360,0,0,0
1,1401900010131,2,10,7,7,2,1086,549,549,549,549,376,3,0,0
1,1402100010356,1,8,11,22,0,822,397,397,397,397,320,0,0,0
1,1402200010211,2,3,7,5,0,1812,882,882,882,882,652,0,0,0
1,1402200330230,2,4,8,3,0,1873,910,910,910,910,945,0,0,0
2,1402300010238,1,32,93,208,29,2675,1333,1333,1333,1333,1075,0,0,0
1,1402400010080,1,3,7,3,0,2010,958,958,958,958,824,0,0,0
1,1402500010139,1,2,5,7,0,1761,832,832,832,832,707,0,0,0
1,1403000010232,1,5,10,8,0,1452,669,669,669,669,552,0,0,0
1,140440002012A,1,3,7,5,0,2462,1204,1204,1204,1204,755,0,0,0
3,1403300010094,5,9,13,14,3,1142,522,522,522,522,589,0,0,0
3,1403500010296,4,16,24,44,7,1358,630,630,630,630,593,0,0,0
1,1403600010096,1,2,5,4,0,1098,561,561,561,561,360,0,0,0
3,1403700010110,4,14,21,59,5,2485,1201,1201,1201,1201,923,0,5,0
0,1403900011170,7,275,1341,3164,1309,4531,2234,2234,2234,2234,1922,0,0,0
2,1403900012319,1,44,189,415,93,4397,2061,2061,2061,2061,1487,0,0,0
1,1403900012145,1,41,202,496,94,1224,565,565,565,565,525,0,0,0
2,140390001083A,2,113,404,835,223,5450,2683,2683,2683,2683,1694,0,0,0
2,1403900011325,1,57,249,560,146,2359,1179,1179,1179,1179,1267,0,0,0
2,1403900012569,1,79,415,939,281,3196,1480,1480,1480,1480,1124,0,0,0
4,1403900010435,1,0,0,0,0,7566,3578,3578,3578,3578,2385,0,0,0
1,1403900012179,2,39,179,405,8,762,389,389,389,389,373,0,0,3
2,140390001172A,1,11,26,16,0,4658,2236,2236,2236,2236,1423,0,0,0
2,1403900010647,1,36,70,62,12,3054,1434,1434,1434,1434,1075,0,0,0
2,1403900012728,1,51,95,78,57,3828,1798,1798,1798,1798,1236,0,0,0
1,1403900014071,1,9,15,11,0,2395,1115,1115,1115,1115,882,0,0,0
1,1403900011927,1,11,20,14,0,2553,1192,1192,1192,1192,924,0,0,0
1,1403900013853,1,23,60,104,14,1911,896,896,896,896,648,0,0,0
1,1403900011787,1,5,9,5,0,507,263,263,263,263,249,0,0,0
2,1403900012304,1,28,54,43,59,4087,1965,1965,1965,1965,1792,0,0,0
2,1403900010651,2,10,15,12,0,3971,1952,1952,1952,1952,1506,0,0,0
2,1403900014654,1,16,32,35,15,4659,2257,2257,2257,2257,1538,0,0,0
1,1403900012111,1,10,18,17,0,2316,1092,1092,1092,1092,732,0,3,0
2,1403900014673,1,30,59,39,15,4058,1929,1929,1929,1929,1228,0,0,0
1,1404300010264,1,2,5,3,0,1003,521,521,521,521,375,5,9,0
3,1404500010108,3,6,11,9,4,1046,497,497,497,497,406,0,0,0
1,1404600010209,1,2,5,3,0,936,459,459,459,459,342,0,0,0
1,1404700010210,1,2,5,2,0,1276,628,628,628,628,572,0,0,0
2,140500001017A,1,4,6,5,0,4383,2134,2134,2134,2134,1459,0,0,0
1,1405300010345,1,19,29,20,0,1299,567,567,567,567,564,0,0,0
2,1405500010091,2,4,9,3,0,2894,1378,1378,1378,1378,949,0,0,0
1,1405800010252,2,3,6,2,0,1540,746,746,746,746,646,0,0,0
1,1405900010071,1,2,6,3,0,2051,953,953,953,953,795,0,0,0
2,1406300010074,2,27,88,190,19,2983,1364,1364,1364,1364,1136,0,3,0
2,1406300010110,1,6,10,6,0,3355,1595,1595,1595,1595,1377,0,0,0
1,1406500010030,1,3,5,7,0,2171,1052,1052,1052,1052,924,0,0,0
3,1406600010220,3,9,18,28,2,2627,1240,1240,1240,1240,916,0,0,0
1,1406700011669,1,35,136,332,30,761,388,388,388,388,1105,0,0,0
1,140670001082A,1,30,59,93,5,1299,618,618,618,618,659,0,0,0
1,1407000010115,1,13,19,29,0,2349,1178,1178,1178,1178,824,0,4,0
2,1407300010206,1,5,7,8,0,3801,1789,1789,1789,1789,1363,0,0,0
1,1407600010138,1,2,4,1,0,923,452,452,452,452,362,0,0,0
3,1407700010120,4,7,13,11,0,1900,907,907,907,907,785,0,0,0
2,1407800010147,1,4,4,6,0,2784,1358,1358,1358,1358,980,0,0,0
1,1407900010159,1,2,7,2,0,1738,870,870,870,870,591,0,0,0
1,1408200010370,2,5,11,7,0,1653,782,782,782,782,601,0,0,0
3,1408300010024,4,31,114,230,21,3320,1592,1592,1592,1592,1352,0,4,3
1,1408400010248,2,3,7,3,0,1741,832,832,832,832,632,0,0,0
3,1408500010194,6,20,47,76,8,1972,947,947,947,947,730,0,0,0
1,1408501730298,2,4,8,4,1,1594,798,798,798,798,688,0,0,0
1,1408600010098,1,2,5,1,0,1324,623,623,623,623,593,0,0,0
3,1408700010184,4,9,20,33,0,1511,732,732,732,732,627,0,0,0
1,1408800010247,1,3,6,2,0,1002,498,498,498,498,481,0,0,0
1,1409100010223,1,3,5,3,0,1246,620,620,620,620,468,0,0,0
1,1409200010095,1,2,5,1,0,1178,569,569,569,569,554,0,0,0
2,1409300011298,1,23,97,211,19,2797,1352,1352,1352,1352,877,0,0,0
2,1409300010088,1,2,5,2,0,3041,1427,1427,1427,1427,1046,0,0,0
1,1409300010410,1,15,24,11,0,1294,657,657,657,657,408,0,0,0
2,1409400010263,1,5,11,12,0,2833,1359,1359,1359,1359,891,0,4,0
2,1409700010941,1,9,19,12,0,3656,1803,1803,1803,1803,1086,0,0,0
2,1409800011519,1,21,35,35,16,4658,2255,2255,2255,2255,1448,0,8,0
2,1409800012428,1,27,53,45,15,3688,1750,1750,1750,1750,1192,0,0,0
1,1410000010370,1,2,5,5,0,1155,563,563,563,563,416,0,0,0
1,141010001097A,1,30,54,47,14,1694,828,828,828,828,511,0,3,0
1,1410300150048,2,2,6,6,1,2368,1159,1159,1159,1159,924,0,0,0
1,1410500010108,1,2,6,3,0,2143,984,984,984,984,871,0,0,0
1,1410800010148,1,5,9,9,0,1957,931,931,931,931,687,0,0,0
1,1411000010146,1,2,4,2,0,400,187,187,187,187,169,0,0,0
3,141130001010A,5,8,13,14,0,1938,921,921,921,921,742,0,0,0
2,141140001008A,1,12,16,29,0,2926,1469,1469,1469,1469,1036,0,0,0
1,1411400050041,1,3,4,2,0,2386,1142,1142,1142,1142,948,0,0,0
1,1411800010233,2,4,5,2,0,1569,735,735,735,735,834,0,0,0
2,1411900010090,1,2,7,3,0,3093,1526,1526,1526,1526,1025,5,0,0
2,1412000011121,1,15,9,2,0,3124,1543,1543,1543,1543,1144,0,0,0
2,1412000010706,2,32,68,50,60,4412,2149,2149,2149,2149,1768,0,0,0
2,141200001027A,1,36,76,56,77,2972,1399,1399,1399,1399,1063,0,0,0
2,1412000012346,1,1,2,2,0,2929,1465,1465,1465,1465,867,0,0,0
2,1412100010243,1,5,11,9,0,2911,1422,1422,1422,1422,970,4,3,0
2,141240001018A,1,7,11,6,0,3715,1826,1826,1826,1826,1340,0,0,0
1,1410900010179,2,4,8,3,0,1856,878,878,878,878,773,0,0,0
1,1407600010123,2,5,9,6,1,609,278,278,278,278,268,0,0,0
1,1405300011023,1,27,101,260,20,2444,1171,1171,1171,1171,795,0,0,0
4,1412000014605,2,19,31,52,16,5955,2876,2876,2876,2876,2416,0,0,0
2,1409600010094,1,2,5,2,0,2715,1286,1286,1286,1286,1182,0,0,3
3,1407400010078,3,7,9,7,0,2912,1360,1360,1360,1360,1098,0,0,0
3,1406400010194,4,11,26,42,0,2780,1294,1294,1294,1294,866,0,0,0
1,140950001010A,2,5,7,5,0,1375,672,672,672,672,613,0,0,0
1,1406700011885,1,15,33,51,5,1479,749,749,749,749,413,0,0,0
2,1409708623414,1,67,306,634,146,4980,2488,2488,2488,2488,2158,0,0,0
2,1404400010098,1,8,15,17,0,3326,1588,1588,1588,1588,1140,0,0,0
2,1412002313842,1,13,24,12,0,2454,1213,1213,1213,1213,964,0,3,0
4,1403900013088,1,2,7,9,0,7760,3795,3795,3795,3795,2284,0,0,0
1,1412500010079,1,1,2,2,0,659,318,318,318,318,259,0,5,7
2,1410100091465,1,17,28,26,0,4615,2351,2351,2351,2351,1365,0,8,10
1,1408900010047,1,1,2,1,0,1295,655,655,655,655,463,0,0,3
2,1400600010186,1,3,3,4,0,3140,1538,1538,1538,1538,1144,0,0,0
1,1401500010236,1,8,17,10,0,2213,1090,1090,1090,1090,757,0,4,0
1,1401800010261,1,0,5,3,0,639,319,319,319,319,257,0,0,0
2,140230001051A,1,18,41,72,0,3426,1614,1614,1614,1614,1020,0,0,0
1,1402400010131,1,1,1,1,0,2251,1104,1104,1104,1104,768,0,0,3
1,1403700010093,1,1,3,2,0,1722,855,855,855,855,594,0,0,0
1,1406700012597,1,18,51,45,0,2116,1033,1033,1033,1033,880,0,0,0
1,1408800010213,2,6,4,10,3,1353,652,652,652,652,618,0,0,6
1,1409100010242,1,1,1,2,0,771,368,368,368,368,263,0,3,0
2,1409300010586,1,0,1,2,0,3262,1623,1623,1623,1623,1073,0,0,0
1,141000001039A,1,1,3,2,0,1356,656,656,656,656,479,0,4,5
1,1412000014198,1,81,265,501,13,1676,781,781,781,781,686,0,0,0
2,1409400010282,2,6,10,7,4,4248,2076,2076,2076,2076,1181,0,0,3
2,1400300010131,1,2,3,1,0,3330,1645,1645,1645,1645,1183,0,0,0
1,1400800010797,1,1,2,0,0,1823,882,882,882,882,754,0,0,0
1,1401300010246,1,1,1,0,0,2101,987,987,987,987,778,0,0,0
1,1401700010137,1,1,1,0,0,1171,574,574,574,574,506,0,0,0
1,1402000010185,1,1,1,0,0,855,438,438,438,438,338,0,0,0
1,1402100010360,1,1,1,0,0,1044,490,490,490,490,390,0,0,0
1,1402200010141,1,1,3,0,0,1894,937,937,937,937,709,3,0,4
1,1402500010143,1,1,1,0,0,2402,1112,1112,1112,1112,992,0,0,0
3,1402700010171,4,8,9,13,4,1119,559,559,559,559,413,3,0,0
3,1402900010138,3,6,9,9,3,1062,482,482,482,482,515,0,0,0
2,1403000010124,1,0,1,0,0,2553,1229,1229,1229,1229,1025,0,0,0
1,1403500010188,1,1,1,0,0,1127,485,485,485,485,593,0,0,0
1,1403600010151,1,2,2,0,0,2369,1142,1142,1142,1142,853,0,0,0
2,1403900011147,1,1,1,0,0,3002,1486,1486,1486,1486,1256,0,0,0
2,1403900010666,2,19,31,25,0,5070,2412,2412,2412,2412,1989,0,0,0
1,1409800012470,1,3,5,3,0,2123,1028,1028,1028,1028,709,0,0,0
2,1412000010814,2,6,7,1,0,4052,1927,1927,1927,1927,1351,0,0,0
2,1403900015027,1,15,33,21,0,3829,1762,1762,1762,1762,1355,0,0,0
2,1403900011433,1,0,0,0,0,5008,2426,2426,2426,2426,1640,0,0,0
1,1403900013637,1,2,4,1,0,932,450,450,450,450,338,0,0,0
3,1404100010077,3,4,5,6,1,1704,844,844,844,844,821,0,0,0
1,140420001013A,1,1,1,0,0,964,470,470,470,470,350,4,3,0
1,1404300010226,1,1,3,1,0,1722,819,819,819,819,715,0,4,0
1,1404400020115,2,2,3,4,0,1972,961,961,961,961,675,0,0,0
1,1404600010158,1,1,3,0,0,1639,793,793,793,793,706,0,0,0
3,1404800010114,3,6,5,6,0,2236,1026,1026,1026,1026,999,0,0,0
2,1405000010184,3,5,8,15,1,4513,2230,2230,2230,2230,1516,0,0,0
1,1405300010627,1,6,9,15,0,2525,1242,1242,1242,1242,786,0,0,0
2,1405900010086,1,0,1,0,0,3470,1624,1624,1624,1624,1256,0,0,0
3,1406100010525,3,6,5,5,2,1233,594,594,594,594,477,0,0,0
1,1406400010226,1,1,1,0,0,939,446,446,446,446,282,0,9,3
1,1406600010216,1,1,1,0,0,1685,803,803,803,803,649,0,0,0
1,1406700380904,2,5,2,6,3,1389,671,671,671,671,587,0,3,0
3,1406800010259,3,6,9,9,4,298,125,125,125,125,126,0,0,0
2,1407000010045,1,1,1,0,0,2546,1219,1219,1219,1219,969,0,0,0
1,1407300010259,2,3,3,2,1,1650,818,818,818,818,583,0,0,0
2,1407800010113,1,3,1,0,0,3583,1715,1715,1715,1715,1260,0,4,4
1,1408600010100,1,1,1,0,0,1739,826,826,826,826,640,0,0,0
1,1408700010199,1,1,0,0,0,1417,667,667,667,667,640,0,0,0
1,1409600010126,1,1,1,0,0,921,465,465,465,465,341,0,0,0
2,1409800011345,1,1,1,0,0,3224,1577,1577,1577,1577,1045,0,0,0
2,1409800010296,2,6,7,8,0,3102,1514,1514,1514,1514,847,0,0,0
1,1410500010112,1,0,1,0,0,2543,1261,1261,1261,1261,847,0,0,0
2,1410800010082,1,1,2,0,0,4049,1919,1919,1919,1919,1273,8,0,0
1,1411500010119,1,1,1,0,0,764,382,382,382,382,388,0,0,0
3,1411900010086,3,5,13,22,0,2680,1328,1328,1328,1328,1056,0,0,0
2,1412000012628,1,3,6,2,0,3316,1570,1570,1570,1570,1023,0,0,0
1,1412400010527,1,1,1,0,0,2142,994,994,994,994,671,0,0,0
1,1403900010416,1,21,49,44,0,1597,749,749,749,749,637,0,0,0
1,1403900010613,1,0,1,0,0,1648,697,697,697,697,608,0,0,0
3,1403800010118,3,3,2,2,0,935,484,484,484,484,466,0,0,0
1,1401200010130,1,1,1,0,0,596,278,278,278,278,312,0,0,0
1,1409800011330,1,9,25,19,0,2330,1115,1115,1115,1115,916,0,0,0
2,1403900011912,2,51,87,78,0,2808,1413,1413,1413,1413,1115,0,0,0
2,1412000016512,1,20,12,31,0,4661,2275,2275,2275,2275,1365,0,0,0
2,1406700010942,1,18,36,30,5,3119,1630,1630,1630,1630,1259,0,3,0
1,1412000015478,1,0,0,0,0,2157,1049,1049,1049,1049,731,0,0,0
4,1412000010937,1,0,0,0,0,7260,3472,3472,3472,3472,2150,0,4,0
1,141200001372A,1,0,0,0,0,2459,1224,1224,1224,1224,697,5,0,0
2,1403000010158,1,0,0,0,0,2716,1280,1280,1280,1280,935,0,0,0
1,1409700010195,2,0,0,0,0,1950,987,987,987,987,514,0,0,0
1,1403900013976,1,0,0,0,0,2378,1163,1163,1163,1163,910,0,0,0
1,1403900015370,1,0,0,0,0,1587,746,746,746,746,563,0,0,0
1,1403900011984,1,0,0,0,0,2146,997,997,997,997,756,0,0,0
2,1403900013586,2,2,51,170,0,4397,2112,2112,2112,2112,1353,0,0,0
4,1409800010120,1,0,0,0,0,7377,3555,3555,3555,3555,2312,0,0,0
4,1409800010046,1,0,0,0,0,6418,3044,3044,3044,3044,1962,0,0,0
4,1403900013340,1,0,0,0,0,7256,3478,3478,3478,3478,2544,0,0,0
2,1412000010392,1,0,0,0,0,3591,1742,1742,1742,1742,1204,4,0,0
4,1412002314179,1,0,0,0,0,8218,4052,4052,4052,4052,2115,0,3,0
1,1400100540033,1,1,1,1,1,861,438,438,438,438,289,0,8,0
2,1400300010108,2,5,7,6,2,2886,1380,1380,1380,1380,1035,0,0,0
1,140030038024A,1,2,1,1,1,848,394,394,394,394,269,0,0,0
1,140040001004A,1,2,2,6,1,1162,560,560,560,560,504,0,0,0
2,1400600010237,1,16,41,74,27,4457,2218,2218,2218,2218,1521,3,13,9
3,1400600010256,5,15,8,12,5,1370,657,657,657,657,462,0,7,0
2,1400600010398,1,1,1,0,0,2848,1349,1349,1349,1349,1142,0,4,0
2,1400800010123,2,8,9,8,0,3725,1731,1731,1731,1731,1539,0,0,0
1,141250001005A,1,4,4,3,0,911,426,426,426,426,388,0,0,0
1,1400802800392,1,2,1,2,1,1866,896,896,896,896,659,0,0,0
1,1401000010102,2,2,3,7,1,2379,1132,1132,1132,1132,818,0,0,4
1,1401100010078,2,2,0,3,1,1190,595,595,595,595,594,0,4,8
2,1401300010049,3,10,13,13,2,4463,2124,2124,2124,2124,1657,0,0,0
1,1401300300119,1,3,3,3,1,1210,578,578,578,578,414,0,0,0
1,1401400010046,1,2,7,8,1,1464,722,722,722,722,589,0,0,0
1,1401500010147,2,11,51,126,4,1358,640,640,640,640,732,0,0,0
3,1401500010043,3,8,10,16,1,2995,1437,1437,1437,1437,1333,0,0,0
2,1401500010289,1,3,3,4,1,2420,1171,1171,1171,1171,831,4,11,7
1,1401600100394,1,1,0,2,1,446,218,218,218,218,221,0,0,0
1,1401600720125,1,2,1,2,1,2237,1094,1094,1094,1094,621,0,0,5
1,1401600890229,1,1,1,2,1,1153,533,533,533,533,490,0,0,0
2,140180001012A,3,11,18,44,5,4601,2166,2166,2166,2166,1597,0,9,0
1,1401800270172,1,1,1,2,0,1062,539,539,539,539,369,0,6,3
3,140200001019A,3,3,4,9,4,1413,688,688,688,688,547,0,0,5
1,1402100180144,1,1,1,3,1,701,345,345,345,345,379,0,0,0
2,1402200010137,2,9,14,56,3,3213,1602,1602,1602,1602,1139,0,17,10
1,1402200160616,1,1,0,2,1,617,326,326,326,326,259,0,0,0
1,1402300010609,1,11,63,171,34,1282,650,650,650,650,458,0,3,0
2,1402300010492,1,1,1,0,0,3707,1795,1795,1795,1795,1279,0,4,5
2,1402300010257,1,6,21,44,2,3909,1857,1857,1857,1857,1066,0,0,0
1,1402400010108,1,16,34,90,18,1427,699,699,699,699,523,0,0,0
1,1402400010112,2,4,8,9,0,2229,1038,1038,1038,1038,975,0,0,0
1,1402500010232,2,14,43,117,10,93,50,50,50,50,36,0,0,0
1,1402600010066,2,4,7,8,1,1060,532,532,532,532,597,0,0,0
1,1402800010111,2,1,1,3,2,594,300,300,300,300,355,0,0,0
1,1403000010247,1,4,7,5,1,2351,1075,1075,1075,1075,1015,3,0,0
2,1403000020213,1,3,3,2,1,2987,1476,1476,1476,1476,1090,0,0,0
1,1403200010078,2,3,1,6,1,980,507,507,507,507,277,0,0,6
1,1403400010053,2,3,2,3,1,899,431,431,431,431,480,0,0,0
1,1403500170313,1,1,1,3,1,1666,790,790,790,790,553,0,0,0
1,1403501380544,1,1,1,2,0,1483,699,699,699,699,561,0,0,0
1,1403600010077,1,4,6,6,1,1559,764,764,764,764,588,0,0,0
2,140370001006A,2,5,10,14,5,2835,1314,1314,1314,1314,1176,0,0,0
1,140390001101A,1,20,63,182,9,1340,635,635,635,635,576,0,0,0
1,1403900010365,1,10,11,1,48,2444,1102,1102,1102,1102,838,0,0,0
0,1412000010369,1,187,496,2045,908,4739,2277,2277,2277,2277,1525,0,0,0
1,1403900014086,2,32,67,167,42,2420,1166,1166,1166,1166,892,0,0,0
1,1403900013726,1,1,3,3,0,2382,1192,1192,1192,1192,685,0,0,0
2,1403900015258,1,2,1,6,1,3767,1877,1877,1877,1877,1010,0,0,0
2,1403900010539,1,4,7,3,2,4087,1995,1995,1995,1995,1230,0,0,0
2,1403900015559,1,2,2,5,0,2617,1292,1292,1292,1292,878,0,0,0
4,1403900013177,1,5,5,13,0,7661,3794,3794,3794,3794,1912,5,0,0
2,140390001418A,1,2,2,5,0,4537,2193,2193,2193,2193,1402,0,0,0
2,1403900011471,1,1,3,3,0,4458,2147,2147,2147,2147,1316,0,0,0
2,1403900014480,1,4,7,6,0,5137,2544,2544,2544,2544,1501,0,0,0
4,1403900013798,1,2,4,6,0,5737,2832,2832,2832,2832,1681,0,0,0
2,1403900015563,1,3,3,6,0,3227,1543,1543,1543,1543,1104,0,0,0
2,1403900014391,1,4,4,9,0,4151,2003,2003,2003,2003,1054,0,0,0
4,1403900010276,1,4,4,3,0,7097,3413,3413,3413,3413,1991,0,0,0
1,1403900015510,1,5,6,11,0,2659,1338,1338,1338,1338,639,0,0,0
1,1403900014921,1,6,12,10,1,2664,1294,1294,1294,1294,740,0,0,0
2,1403900014993,1,3,4,6,0,3081,1508,1508,1508,1508,874,0,0,0
2,1403900011467,1,8,14,14,3,4745,2340,2340,2340,2340,1422,0,0,0
1,1403900011645,1,11,18,30,3,1828,881,881,881,881,861,0,0,0
2,1403900014512,1,7,17,14,0,4757,2321,2321,2321,2321,1459,0,0,0
4,1403900013374,1,7,13,13,0,6111,3025,3025,3025,3025,1586,0,0,0
2,1403900010238,1,9,12,9,0,4875,2342,2342,2342,2342,1384,0,0,0
2,1403900011683,1,10,22,23,4,3329,1640,1640,1640,1640,1174,0,0,0
3,1404000010135,3,3,5,4,0,1196,576,576,576,576,398,0,0,0
3,1404300010279,3,9,25,42,2,362,173,173,173,173,123,0,0,0
1,1404400010100,1,4,3,2,2,1954,987,987,987,987,694,0,0,0
1,1404400050261,1,1,1,3,0,2046,1037,1037,1037,1037,626,0,0,0
1,1404600010247,2,5,10,11,1,1818,900,900,900,900,572,0,0,0
2,1404700010066,1,6,9,11,1,2660,1301,1301,1301,1301,859,0,0,0
1,1404700050244,1,1,1,1,0,1161,567,567,567,567,440,0,15,0
3,1404900010183,4,3,4,5,0,1179,556,556,556,556,449,0,3,0
1,1405000080042,1,1,0,1,1,975,485,485,485,485,339,0,0,0
2,1405000110201,1,3,2,2,1,3181,1597,1597,1597,1597,707,0,0,0
1,1405100010069,2,2,4,4,3,2229,1090,1090,1090,1090,788,0,0,0
1,1405200010121,1,4,3,4,2,717,339,339,339,339,353,0,0,0
3,1405300010330,3,9,21,40,2,3083,1411,1411,1411,1411,1124,0,0,0
3,1405300010542,3,2,4,4,0,3823,1889,1889,1889,1889,1336,0,0,0
1,1405300660947,1,1,2,5,0,1644,748,748,748,748,514,0,3,3
1,1405300011165,1,3,5,4,0,1269,615,615,615,615,480,0,0,0
1,1405400010041,2,3,1,3,1,470,224,224,224,224,264,0,0,0
1,1405500010087,1,11,41,76,30,1350,666,666,666,666,427,0,0,0
2,1405500010123,2,3,7,8,3,3365,1605,1605,1605,1605,1102,0,6,0
3,1405600010099,4,2,4,4,0,417,189,189,189,189,234,0,0,3
1,1405700010043,1,5,3,1,0,1542,748,748,748,748,713,0,0,0
1,1405800010248,2,9,19,31,1,1893,947,947,947,947,732,0,3,3
1,1406000010176,2,3,6,6,0,702,315,315,315,315,403,0,0,0
1,1406200010109,1,2,2,4,0,646,302,302,302,302,359,0,0,0
3,140630001052A,3,14,27,93,2,3033,1468,1468,1468,1468,993,0,0,0
1,1406300280746,1,1,0,1,1,1209,586,586,586,586,430,0,3,3
2,1406400320300,1,2,2,4,0,3302,1552,1552,1552,1552,878,3,12,31
3,140650001012A,3,4,7,9,1,1730,839,839,839,839,802,4,0,0
2,140660011024A,1,3,2,2,1,2893,1469,1469,1469,1469,872,3,0,0
2,1406600190057,1,1,4,3,1,3403,1673,1673,1673,1673,896,4,8,0
1,1406600300038,1,2,1,1,1,1823,898,898,898,898,652,0,8,8
2,1406600310184,1,2,4,4,0,4236,1989,1989,1989,1989,720,12,21,11
1,1406600330362,1,1,0,1,1,1144,584,584,584,584,350,0,0,3
1,1406700012629,2,16,95,188,48,1403,719,719,719,719,486,0,0,0
1,1406700010213,2,9,11,16,2,1051,548,548,548,548,782,0,0,0
2,1406700012544,1,5,8,7,1,2451,1217,1217,1217,1217,1335,0,0,0
2,1406700010073,1,6,8,14,1,3143,1580,1580,1580,1580,1219,0,0,0
2,1406700280637,1,3,4,3,1,2905,1438,1438,1438,1438,986,4,7,0
1,1406700311809,1,3,5,3,1,2400,1210,1210,1210,1210,795,0,0,0
1,1406900010114,2,3,4,3,1,510,244,244,244,244,292,0,0,0
2,1407000010100,1,5,4,15,6,2763,1382,1382,1382,1382,883,0,0,3
1,140700014083A,1,4,5,8,1,2095,1053,1053,1053,1053,602,3,10,4
1,1407000200242,1,1,1,5,1,1052,535,535,535,535,288,0,0,0
2,140700021101A,1,3,3,2,1,3646,1819,1819,1819,1819,1122,0,22,4
2,1407000430295,1,1,1,1,1,4098,2066,2066,2066,2066,1215,0,11,3
3,1407100010095,4,4,3,4,0,776,395,395,395,395,299,0,0,0
1,1407200010088,2,3,3,5,2,1338,648,648,648,648,489,0,0,0
3,1407300010278,3,3,5,10,0,2562,1219,1219,1219,1219,1041,3,3,0
1,1407700050169,1,1,1,3,2,1986,963,963,963,963,853,0,0,0
2,1407700150084,1,1,0,1,1,2839,1389,1389,1389,1389,1184,9,15,12
1,1407800010217,2,7,7,6,1,2010,976,976,976,976,751,0,0,0
1,1407900300248,1,2,3,6,0,1882,891,891,891,891,672,0,0,3
1,140800001015A,2,2,4,7,2,325,159,159,159,159,162,0,0,0
1,1408100010104,2,2,4,7,2,349,163,163,163,163,166,0,0,0
2,1408200010046,1,13,38,60,11,3831,1788,1788,1788,1788,1308,0,4,0
2,1408200260351,1,2,5,4,1,3932,1924,1924,1924,1924,1048,0,4,4
1,140830001033A,1,1,1,2,0,1167,584,584,584,584,452,0,0,0
1,1408300040109,1,1,0,1,1,2342,1130,1130,1130,1130,768,0,0,3
2,1408300130096,1,2,1,2,0,3199,1614,1614,1614,1614,1047,0,3,0
1,1408300160202,1,2,3,3,0,1412,698,698,698,698,507,0,0,0
3,1408600010083,4,3,6,14,1,1524,712,712,712,712,624,0,0,0
1,1408600190223,1,2,0,2,1,1766,886,886,886,886,473,0,4,16
1,1408900010032,2,2,3,7,1,1212,575,575,575,575,469,0,0,0
1,1409000010118,2,3,2,6,1,1771,855,855,855,855,840,0,0,0
3,1409100010257,3,9,24,37,3,2049,1051,1051,1051,1051,711,0,5,0
1,1409100710558,1,1,0,2,1,1645,782,782,782,782,614,0,0,6
3,1409200010080,3,3,5,7,1,1906,929,929,929,929,809,0,0,0
1,1409300010711,2,19,77,202,40,1698,834,834,834,834,567,0,0,0
2,1409300010139,2,0,18,21,3,2470,1170,1170,1170,1170,1281,0,0,0
1,1409300580637,1,4,3,5,1,2092,1009,1009,1009,1009,671,0,3,3
1,1409301881014,1,1,1,2,1,527,241,241,241,241,239,0,0,0
1,1409302230603,1,1,1,2,1,1602,772,772,772,772,614,0,0,0
1,1409302910675,1,1,1,2,1,1175,526,526,526,526,550,0,0,0
1,1409401240507,2,3,2,2,0,987,491,491,491,491,317,0,3,4
1,1409600010145,2,5,9,11,2,191,96,96,96,96,82,0,0,0
1,1409600140179,1,1,1,3,1,1136,563,563,563,563,505,4,6,3
2,1409700050335,1,2,2,3,0,2887,1423,1423,1423,1423,846,0,3,0
2,1409700250354,1,4,3,2,1,3205,1612,1612,1612,1612,980,0,0,0
1,1409700340388,1,3,3,2,1,2369,1147,1147,1147,1147,726,0,0,0
1,1409700411009,1,28,36,328,14,781,391,391,391,391,332,0,5,0
2,1409700411263,1,1,2,2,0,3411,1771,1771,1771,1771,1082,3,11,6
1,1409700432613,1,1,1,2,0,1394,690,690,690,690,461,0,4,0
2,1409701150890,1,1,2,2,0,2555,1237,1237,1237,1237,914,0,16,0
1,1409800011608,1,1,1,3,0,2140,1071,1071,1071,1071,609,0,0,0
1,1409800010281,1,2,4,3,2,2209,1088,1088,1088,1088,660,0,0,0
4,1410100010433,1,4,3,3,0,6985,3515,3515,3515,3515,2150,7,28,14
4,1409800010370,1,3,3,4,1,5858,2876,2876,2876,2876,1628,0,0,0
1,1409800011260,1,1,2,2,0,2173,1052,1052,1052,1052,648,0,0,0
1,1409800012767,1,3,3,3,0,1979,983,983,983,983,645,0,0,0
2,1409800010474,1,3,3,4,0,5452,2638,2638,2638,2638,1748,0,0,0
2,1409800011059,1,5,9,5,0,3354,1623,1623,1623,1623,1038,0,0,0
2,1409800011152,1,7,14,11,1,5590,2753,2753,2753,2753,1462,0,0,0
2,1409800010050,1,7,11,10,1,4143,1960,1960,1960,1960,1388,0,0,0
2,1409800140027,1,4,7,4,4,3214,1504,1504,1504,1504,978,0,0,0
3,1409900010128,3,4,6,8,1,586,289,289,289,289,259,0,0,0
2,1409900060081,1,3,2,2,1,3238,1610,1610,1610,1610,873,7,3,6
3,1410000010510,4,8,23,38,2,921,427,427,427,427,299,0,0,0
1,1410000230597,1,2,1,1,1,1136,561,561,561,561,357,0,0,12
1,1410000650421,1,2,0,2,1,712,376,376,376,376,280,0,4,7
1,1410001890633,1,3,2,1,1,1339,664,664,664,664,456,0,0,11
2,1410100010397,1,2,5,3,0,5383,2658,2658,2658,2658,1481,0,10,0
1,1410100011018,1,2,3,6,0,2426,1195,1195,1195,1195,680,0,0,0
2,1410100010999,1,2,4,6,2,5209,2529,2529,2529,2529,1440,0,0,5
2,1410100010382,1,2,3,4,0,3829,1923,1923,1923,1923,996,0,0,0
1,1410100011126,1,4,5,5,1,1865,932,932,932,932,559,0,0,0
4,1410100010202,1,3,5,8,1,6481,3224,3224,3224,3224,1761,0,9,7
2,1410100010772,1,3,3,3,0,5343,2669,2669,2669,2669,1336,0,0,0
4,1410100011484,1,4,6,10,4,5706,2813,2813,2813,2813,1572,0,5,0
2,1410100010927,1,5,10,14,5,3969,1972,1972,1972,1972,1169,4,3,0
1,1410100010645,1,4,8,10,6,2160,1052,1052,1052,1052,588,0,3,0
1,1410100260683,1,1,2,3,1,2047,1061,1061,1061,1061,735,0,0,0
1,1410200010055,2,3,3,7,2,579,285,285,285,285,233,0,0,0
1,1410300010033,2,3,4,5,1,2466,1209,1209,1209,1209,968,0,0,0
1,1410500010076,2,6,7,9,3,987,489,489,489,489,351,0,0,0
1,1410600010069,2,2,2,8,0,659,310,310,310,310,310,0,0,0
1,1410700010047,2,3,4,6,1,1340,646,646,646,646,571,0,0,5
1,1410700080028,1,2,3,4,1,2192,1070,1070,1070,1070,956,0,0,0
4,1410800010133,3,5,14,18,0,6298,3057,3057,3057,3057,1749,3,0,0
3,1410900010164,3,4,4,10,0,1769,845,845,845,845,635,0,0,0
1,1411000010080,2,4,5,9,1,825,386,386,386,386,350,0,0,0
1,141120001009A,2,2,2,2,2,607,288,288,288,288,251,0,0,0
1,1411400020198,1,1,0,1,0,1104,527,527,527,527,440,3,0,7
1,1411400060268,1,1,1,2,0,1342,659,659,659,659,392,0,0,5
1,1411500010231,2,3,4,5,2,632,308,308,308,308,314,3,4,0
1,1411600010084,2,5,5,12,3,1711,809,809,809,809,646,0,0,0
3,1411800010318,3,15,46,65,3,1538,703,703,703,703,786,0,0,0
2,1412000013062,1,26,23,34,39,4486,2182,2182,2182,2182,1641,0,0,0
2,1412000012242,2,29,32,147,20,3010,1491,1491,1491,1491,1427,0,0,0
4,1412000013236,1,41,303,545,0,6797,3182,3182,3182,3182,2143,0,0,0
2,1412000012399,1,1,4,5,0,4322,2112,2112,2112,2112,1149,3,0,0
2,1412000013039,1,2,4,5,0,4420,2180,2180,2180,2180,1081,0,0,5
2,1412000014268,1,2,6,4,0,4051,2033,2033,2033,2033,1021,0,3,0
2,1412000013113,1,2,4,2,0,4211,2056,2056,2056,2056,1097,0,0,0
2,1412000014484,1,4,8,3,1,3413,1623,1623,1623,1623,988,0,0,0
4,1412000011206,1,3,3,2,0,6703,3247,3247,3247,3247,2332,3,0,0
1,141200001212A,1,3,3,3,0,2632,1245,1245,1245,1245,638,0,0,0
4,1412000010617,1,4,4,5,2,17959,8939,8939,8939,8939,4489,6,82,3
4,1412000010602,1,3,6,4,3,10105,4955,4955,4955,4955,2257,0,0,7
1,1412000016584,1,4,4,3,1,1974,970,970,970,970,628,0,0,0
2,1412000012454,1,4,4,4,0,3821,1913,1913,1913,1913,1050,0,0,0
1,1412000011634,1,5,5,12,0,1988,939,939,939,939,543,0,0,0
4,1412000012473,1,4,4,2,1,8383,4024,4024,4024,4024,3070,0,0,0
2,1412000011901,1,4,5,2,1,3088,1520,1520,1520,1520,815,0,0,0
2,1412000012755,1,5,11,7,2,4420,2219,2219,2219,2219,1115,0,3,0
2,1412000011742,1,4,11,6,2,4629,2301,2301,2301,2301,1232,0,0,0
1,1412000014342,1,5,6,5,1,2326,1122,1122,1122,1122,777,0,0,0
4,1412000015266,1,5,5,3,1,7324,3573,3573,3573,3573,2432,0,0,0
2,1412000014431,1,5,11,13,2,2657,1279,1279,1279,1279,896,0,0,0
2,1412000012685,1,7,14,6,3,5105,2405,2405,2405,2405,1428,0,0,0
2,1412000013128,1,6,7,5,2,4736,2286,2286,2286,2286,1729,0,0,0
2,1412000013325,1,7,10,8,3,3286,1600,1600,1600,1600,922,0,0,0
4,1412000011032,1,11,14,16,1,8289,3988,3988,3988,3988,2391,0,0,0
2,1412000012632,1,7,14,7,1,5152,2553,2553,2553,2553,1520,0,0,0
2,1412001395980,1,1,0,1,2,2798,1396,1396,1396,1396,797,0,7,0
2,1412000016531,2,5,9,7,2,4726,2231,2231,2231,2231,1268,0,0,0
1,1412002065054,1,1,1,1,1,1748,876,876,876,876,533,0,0,0
2,1412002315887,2,5,6,8,3,3272,1586,1586,1586,1586,922,0,0,3
1,1412002434713,1,1,2,3,1,2086,1054,1054,1054,1054,805,0,6,0
2,1412000014662,1,4,6,5,0,4888,2457,2457,2457,2457,1325,0,6,0
1,141200001283A,1,1,1,2,0,2148,1014,1014,1014,1014,540,0,0,4
2,1412000012308,1,1,4,4,2,3635,1843,1843,1843,1843,1079,0,0,0
2,1412100010116,2,4,14,14,1,2602,1263,1263,1263,1263,831,6,0,0
2,1412200010058,3,3,4,6,1,4158,2079,2079,2079,2079,1370,21,9,14
3,1412300010106,3,6,7,8,1,355,171,171,171,171,118,0,0,0
1,1412400010300,2,5,7,14,4,401,187,187,187,187,130,0,0,0
1,1412400940391,1,1,1,3,0,1452,697,697,697,697,566,0,0,0
2,1412401760160,1,1,0,1,1,2793,1376,1376,1376,1376,972,0,9,9
2,1410100011573,1,2,3,4,2,3204,1636,1636,1636,1636,1015,3,5,5
1,1401200010183,2,4,1,3,0,33,15,15,15,15,15,0,0,0
1,1407000131433,1,2,1,2,1,1663,843,843,843,843,477,0,5,0
2,140970424098A,1,1,3,1,0,4353,2147,2147,2147,2147,1163,0,0,0
2,1410100010490,1,2,3,5,0,2951,1483,1483,1483,1483,789,0,0,0
1,1412100010192,1,1,2,2,0,1288,630,630,630,630,357,0,0,5
1,1403000050444,1,1,0,2,1,1757,824,824,824,824,961,0,0,0
2,1400500010070,1,4,7,7,0,2629,1305,1305,1305,1305,766,0,5,0
1,1403500010351,1,2,1,1,0,1074,530,530,530,530,336,0,0,0
1,1409300011067,1,6,5,9,0,469,234,234,234,234,211,0,0,0
1,1412500010100,1,4,3,3,0,1272,634,634,634,634,414,3,3,4
2,1412000014535,1,4,7,3,0,4402,2150,2150,2150,2150,1156,6,0,0
1,1400600110415,1,1,0,2,1,1386,693,693,693,693,545,0,0,0
1,1407500010075,1,4,4,5,1,1198,597,597,597,597,515,0,0,0
1,1407700010192,1,1,0,2,0,171,85,85,85,85,59,0,3,0
1,1402200060387,1,3,3,3,3,994,487,487,487,487,859,0,0,0
1,1402200330334,1,3,6,6,1,1150,581,581,581,581,644,0,0,0
1,1402100010248,1,4,8,9,2,421,201,201,201,201,161,0,0,0
1,1401500010166,1,3,3,3,2,2341,1142,1142,1142,1142,740,0,0,0
1,1402100030375,1,2,1,2,1,712,342,342,342,342,382,0,0,0
1,1402400070273,1,1,0,3,0,1478,755,755,755,755,562,0,3,6
2,1412000010354,1,5,9,8,0,4977,2412,2412,2412,2412,1638,0,0,0
1,1411700010096,1,3,1,3,0,951,478,478,478,478,594,0,0,0
1,1411100010209,1,3,3,4,0,70,35,35,35,35,31,0,0,0
1,1400900010135,1,4,9,9,0,1312,643,643,643,643,455,0,0,0
1,1405309271254,1,13,44,166,37,1236,588,588,588,588,360,0,0,0
2,1412000016550,1,0,137,102,0,2998,1454,1454,1454,1454,981,0,0,0
1,141210021039A,1,1,1,2,1,6,0,0,0,0,4,0,0,0
2,140390001279A,1,7,11,10,8,4961,2447,2447,2447,2447,1389,0,0,0
2,1409700320284,1,3,3,1,1,4148,2092,2092,2092,2092,1216,3,11,0
4,1409800010385,1,4,4,4,0,6325,3140,3140,3140,3140,1659,0,0,3
2,1409800011843,1,2,3,3,2,3451,1698,1698,1698,1698,814,0,0,0
2,1403900010083,1,2,0,0,0,5123,2406,2406,2406,2406,1653,0,0,0
2,1411400010075,1,2,3,2,3,2834,1409,1409,1409,1409,1061,0,0,0
4,1409700350138,1,4,5,9,0,8676,4284,4284,4284,4284,2958,0,0,0
1,1409700150956,1,4,2,4,0,2030,983,983,983,983,631,0,0,0
2,1403900010863,1,10,14,12,0,4771,2431,2431,2431,2431,1380,0,0,0
2,1409700010918,2,5,6,10,0,3178,1576,1576,1576,1576,881,0,0,0
1,1405000170112,1,2,2,2,2,1162,564,564,564,564,389,0,0,0
2,1405000020428,1,10,28,67,5,2372,1163,1163,1163,1163,1122,0,3,3
1,1403000030251,1,1,0,2,1,1946,942,942,942,942,653,0,0,0
1,1407300010333,1,2,1,2,1,1987,1002,1002,1002,1002,641,0,0,0
1,1407302210687,1,2,2,2,1,2498,1230,1230,1230,1230,619,0,4,5
4,1407300010282,1,2,1,2,1,5919,2862,2862,2862,2862,1776,0,0,0
1,1407300010564,1,13,30,86,3,0,0,0,0,0,0,0,0,0
1,1412002316688,1,2,2,1,0,1464,773,773,773,773,496,0,0,0
1,1407800010397,1,5,21,29,0,144,70,70,70,70,49,0,0,0
1,1403900011363,1,1,1,1,0,1226,601,601,601,601,651,0,0,0
2,1409800011631,1,3,4,3,0,2896,1461,1461,1461,1461,850,0,0,0
1,140250001011A,1,5,0,0,0,1991,930,930,930,930,765,0,0,0
1,140530001099A,1,2,0,0,0,1489,733,733,733,733,528,0,0,0
1,1400800010373,1,1,0,0,0,1723,857,857,857,857,553,0,4,0
2,1406300010322,1,4,0,0,0,4523,2222,2222,2222,2222,1349,0,9,6
2,1402300010223,1,2,0,0,0,2948,1436,1436,1436,1436,1039,0,0,0
1,1401500010306,1,2,0,0,3,2342,1096,1096,1096,1096,893,0,0,0
1,1405800010356,1,2,0,0,0,112,54,54,54,54,43,0,0,0
1,1412000013698,1,2,0,0,1,1324,650,650,650,650,410,0,0,0
4,1410100091677,1,2,0,0,0,5766,2842,2842,2842,2842,2180,0,0,3
2,1410100011639,1,2,0,0,0,3465,1750,1750,1750,1750,1005,0,0,0
2,1409800012771,1,2,0,0,0,3777,1889,1889,1889,1889,1185,0,0,0
2,140970822155A,1,2,0,0,0,3676,1759,1759,1759,1759,1303,0,0,0
1,1412400010419,1,4,26,50,4,20,6,6,6,6,5,0,0,0
1,1402500010251,1,3,2,1,0,689,326,326,326,326,250,0,4,0
1,1401500010310,1,4,1,1,5,1525,746,746,746,746,520,0,0,0
1,140670001196A,1,3,1,1,0,673,323,323,323,323,216,0,0,0
1,1410100091535,1,4,1,2,0,635,321,321,321,321,201,0,3,0
1,140980001181A,1,3,1,2,0,527,247,247,247,247,174,0,0,0
2,1406700280603,2,8,7,9,3,2783,1416,1416,1416,1416,879,3,3,3
1,1402300010312,2,11,8,6,0,1123,566,566,566,566,303,0,5,0
1,1400800010439,1,3,5,5,0,1428,674,674,674,674,421,0,0,0
1,1400800010814,1,6,3,6,0,2006,987,987,987,987,640,0,0,0
1,1400700010060,1,3,3,8,0,219,111,111,111,111,85,0,0,0
1,1401300010265,1,9,16,37,4,1042,526,526,526,526,373,0,0,0
1,1401800010488,1,17,69,253,13,11,6,6,6,6,7,0,0,0
1,140910001012A,1,5,5,10,0,1292,628,628,628,628,630,0,0,0
