clusters,CVEGEO,total_hospitales_z,total_consultorios_z,total_medicos_z,total_enfermeros_z,total_practicantes_medicos_z,POBTOT_z,POBMAS_z,POBFEM_z,PSINDER_z,PDER_SS_z,VIVTOT_z,VPH_S_ELEC_z,VPH_AGUAFV_z,VPH_NODREN_z
0,1400100010122,3,661,553,784.0,1638,17602.0,8368.0,9234.0,3538.0,14063.0,6649.0,6.0,6.0,6.0
0,1400200010030,0,0,0,0.0,10,3536.0,1732.0,1804.0,636.0,2899.0,1190.0,1.0,1.0,1.0
0,1400200020045,9,36,30,21.0,10,353.0,177.0,176.0,111.0,241.0,111.0,0.0,0.0,0.0
0,1400300010146,9,21,13,5.0,10,31384.0,15516.0,15867.0,7183.0,24201.0,11670.0,33.0,11.0,33.0
0,1400500010066,1,9,2,3.0,10,8471.0,4134.0,4337.0,1330.0,7141.0,2671.0,1.0,1.0,1.0
0,1400600010203,0,3,6,2.0,0,109.0,57.0,52.0,22.0,86.0,35.0,0.0,0.0,0.0
0,1400800010195,1,1,4,1.0,10,2342.0,1123.0,1219.0,760.0,1581.0,732.0,1.0,1.0,3.0
0,1400900010065,2,72,42,120.0,40,2758.0,1309.0,1448.0,447.0,2309.0,1041.0,4.0,5.0,1.0
0,1401300010053,1,4,8,2.0,10,1278.0,623.0,654.0,589.0,689.0,461.0,0.0,0.0,0.0
0,1401500010058,4,0,0,0.0,0,2128.0,1031.0,1097.0,675.0,1452.0,690.0,0.0,0.0,0.0
0,1401600010093,0,8,17,24.0,0,4773.0,2305.0,2468.0,1021.0,3750.0,1674.0,1.0,1.0,1.0
0,1401700010071,0,67,372,587.0,0,8060.0,3822.0,4238.0,1580.0,6471.0,3800.0,2.0,2.0,2.0
4,1401800010276,25,20,16,16.0,160,6921.0,3304.0,3616.0,3793.0,3120.0,2314.0,2.0,2.0,10.0
0,1401900010131,5,21,8,24.0,1,3356.0,1619.0,1736.0,1238.0,2113.0,1396.0,2.0,2.0,8.0
0,1402100010356,1,3,7,2.0,10,1175.0,573.0,602.0,379.0,795.0,406.0,1.0,1.0,1.0
0,1402200010211,4,102,8,12.0,40,585.0,296.0,289.0,22.0,563.0,202.0,1.0,0.0,0.0
0,1402200330230,0,16,20,121.0,10,328.0,158.0,169.0,23.0,304.0,127.0,0.0,0.0,0.0
0,1402300010238,2,0,0,0.0,0,1168.0,568.0,599.0,309.0,857.0,420.0,0.0,0.0,0.0
0,1402400010080,4,16,12,3.0,10,1723.0,837.0,885.0,557.0,1165.0,869.0,1.0,1.0,1.0
0,1402500010139,1,1024,2162,40.0,8409,4384.0,2184.0,2199.0,745.0,3637.0,1762.0,1.0,1.0,1.0
0,1403000010232,1,2,4,1.0,10,2729.0,1301.0,1428.0,684.0,2045.0,1119.0,1.0,1.0,1.0
0,140440002012A,1,2,3,9.0,10,1155.0,545.0,609.0,337.0,817.0,463.0,0.0,0.0,0.0
0,1403300010094,0,2,7,5.0,0,1697.0,782.0,915.0,733.0,964.0,645.0,1.0,1.0,1.0
0,1403500010296,0,0,1,0.0,0,3732.0,1825.0,1907.0,1018.0,2712.0,1144.0,1.0,1.0,1.0
4,1403600010096,25,81,28,49.0,90,1225.0,560.0,665.0,797.0,428.0,632.0,1.0,1.0,1.0
0,1403700010110,8,21,30,60.0,490,697.0,323.0,374.0,236.0,460.0,304.0,0.0,0.0,0.0
0,1403900011170,0,0,2,0.0,0,237.0,121.0,116.0,44.0,193.0,77.0,0.0,0.0,0.0
4,1403900012319,16,4,2,8.0,0,1271.0,614.0,657.0,335.0,935.0,472.0,0.0,3.0,0.0
4,1403900012145,49,1758,10046,20812.0,313,12525.0,6175.0,6350.0,3245.0,9236.0,5313.0,3.0,3.0,3.0
0,140390001083A,0,190,98,217.0,37,3280.0,1537.0,1742.0,922.0,2356.0,1109.0,0.0,0.0,0.0
0,1403900011325,1,30,1,4909.0,871,609.0,281.0,327.0,120.0,483.0,261.0,0.0,0.0,0.0
0,1403900012569,4,157,5,803.0,236,9270.0,4563.0,4706.0,3163.0,6104.0,2881.0,1.0,1.0,1.0
3,1403900010435,1,32490,620010,3137120.0,213160,664.0,332.0,332.0,185.0,477.0,356.0,0.0,0.0,0.0
0,1403900012179,0,160,1096,2671.0,789610,11387.0,5273.0,6114.0,2600.0,8732.0,4004.0,3.0,3.0,3.0
0,140390001172A,1,0,0,0.0,10,10703.0,5061.0,5641.0,3425.0,7220.0,3374.0,1.0,1.0,1.0
0,1403900010647,4,46,451,32.0,4,176.0,90.0,86.0,35.0,138.0,86.0,0.0,0.0,1.0
0,1403900012728,1,2,7,3.0,0,5439.0,2611.0,2828.0,1954.0,3484.0,1661.0,1.0,1.0,1.0
0,1403900014071,1,144,307,349.0,1440,3897.0,1830.0,2067.0,1139.0,2750.0,1371.0,1.0,1.0,1.0
0,1403900011927,1,325,564,468.0,32490,5218.0,2451.0,2767.0,1175.0,4035.0,1684.0,1.0,1.0,1.0
0,1403900010350,1,3,4,2.0,0,1362.0,634.0,727.0,154.0,1207.0,501.0,0.0,0.0,0.0
0,1403900013853,1,6,7,0.0,0,3252.0,1518.0,1733.0,889.0,2360.0,1177.0,1.0,1.0,1.0
0,1403900011787,1,105,602,20.0,1960,4798.0,2250.0,2548.0,833.0,3965.0,1627.0,2.0,2.0,2.0
0,1403900012304,1,0,1,0.0,0,55.0,28.0,26.0,12.0,42.0,27.0,0.0,0.0,0.0
0,1403900010651,1,98,182,154.0,34810,3515.0,1690.0,1825.0,554.0,2959.0,1541.0,1.0,1.0,1.0
0,1403900014654,4,7,9,4.0,0,3033.0,1491.0,1542.0,931.0,2098.0,1150.0,0.0,0.0,0.0
0,1403900012111,1,32,73,81.0,2250,9048.0,4383.0,4664.0,2126.0,6919.0,2986.0,2.0,2.0,2.0
0,1403900014673,1,4,6,8.0,0,1192.0,562.0,630.0,350.0,837.0,376.0,0.0,1.0,0.0
0,1404300010264,1,906,870,507.0,2250,18399.0,8746.0,9653.0,3377.0,15021.0,5567.0,4.0,4.0,4.0
0,1404500010108,0,0,2,0.0,0,971.0,504.0,466.0,91.0,879.0,363.0,5.0,9.0,1.0
0,1404600010209,9,36,30,27.0,160,1132.0,538.0,594.0,376.0,755.0,439.0,1.0,1.0,1.0
0,1404700010210,1,4,4,3.0,10,572.0,280.0,292.0,307.0,265.0,209.0,0.0,0.0,0.0
0,140500001017A,1,2,3,0.0,10,373.0,183.0,189.0,104.0,268.0,167.0,0.0,0.0,0.0
0,1405300010345,0,0,2,1.0,10,12166.0,5923.0,6242.0,5029.0,7136.0,4049.0,2.0,2.0,2.0
0,1405500010091,0,90,70,101.0,10,566.0,247.0,319.0,163.0,401.0,246.0,0.0,0.0,0.0
0,1405800010252,2,8,13,4.0,10,5445.0,2592.0,2852.0,906.0,4538.0,1785.0,1.0,1.0,1.0
0,1405900010071,2,1,2,0.0,0,1109.0,537.0,572.0,203.0,905.0,465.0,0.0,0.0,0.0
0,1406300010074,0,0,0,0.0,0,1201.0,558.0,643.0,485.0,715.0,465.0,0.0,0.0,0.0
0,1406300010110,4,121,968,4015.0,3610,2256.0,1031.0,1224.0,543.0,1713.0,859.0,0.0,2.0,0.0
0,1406500010030,1,18,20,5.0,10,5056.0,2403.0,2652.0,1365.0,3686.0,2075.0,1.0,1.0,1.0
0,1406600010220,0,1,1,3.0,0,1634.0,792.0,842.0,579.0,1055.0,695.0,0.0,0.0,0.0
0,1406700011669,9,2,31,2.0,0,8099.0,3823.0,4276.0,2648.0,5451.0,2824.0,0.0,0.0,0.0
0,140670001082A,1,53,348,1172.0,27,439.0,224.0,215.0,119.0,319.0,638.0,1.0,1.0,1.0
0,1407000010115,1,100,248,279.0,250,768.0,365.0,402.0,202.0,563.0,389.0,0.0,0.0,0.0
0,1407300010206,1,42,60,105.0,10,1253.0,628.0,624.0,288.0,964.0,439.0,0.0,2.0,0.0
0,1407600010138,1,25,12,64.0,10,13170.0,6198.0,6971.0,4750.0,8416.0,4722.0,4.0,4.0,4.0
0,1407700010120,0,0,1,0.0,0,456.0,223.0,232.0,64.0,392.0,179.0,0.0,0.0,0.0
4,1407800010147,16,12,56,20.0,10,1217.0,581.0,636.0,594.0,622.0,503.0,0.0,0.0,0.0
0,1407900010159,0,2,1,4.0,0,5301.0,2585.0,2715.0,1748.0,3553.0,1866.0,1.0,1.0,1.0
0,1408200010370,0,0,4,0.0,10,1613.0,807.0,805.0,418.0,1194.0,548.0,1.0,1.0,1.0
0,1408300010024,1,0,11,0.0,0,713.0,337.0,375.0,142.0,570.0,259.0,0.0,0.0,0.0
0,1408400010248,8,480,2166,17648.0,4410,6518.0,3125.0,3392.0,1346.0,5169.0,2654.0,2.0,9.0,6.0
0,1408500010194,0,0,1,0.0,0,1626.0,777.0,849.0,291.0,1334.0,590.0,0.0,0.0,0.0
4,1408501730298,18,202,368,1444.0,21,2302.0,1105.0,1196.0,366.0,1935.0,852.0,1.0,1.0,1.0
0,1408600010098,4,16,12,16.0,10,1731.0,867.0,864.0,290.0,1441.0,747.0,1.0,1.0,1.0
0,1408700010184,0,0,1,0.0,0,1128.0,531.0,597.0,531.0,597.0,505.0,0.0,0.0,0.0
4,1408800010247,16,81,101,272.0,10,2229.0,1080.0,1149.0,596.0,1633.0,925.0,1.0,1.0,1.0
0,1409100010223,1,2,4,1.0,10,889.0,441.0,447.0,210.0,678.0,426.0,1.0,1.0,1.0
0,1409200010095,1,9,5,9.0,10,1202.0,598.0,604.0,366.0,834.0,451.0,0.0,0.0,0.0
0,1409300011298,1,0,0,0.0,0,557.0,269.0,288.0,153.0,404.0,262.0,0.0,0.0,0.0
0,1409300010088,1,529,1881,22260.0,3610,2146.0,1037.0,1109.0,467.0,1677.0,673.0,0.0,0.0,0.0
0,1409300010410,1,0,1,0.0,10,7992.0,3750.0,4242.0,2023.0,5966.0,2749.0,3.0,3.0,3.0
0,1409400010263,1,56,52,10.0,10,523.0,265.0,257.0,113.0,410.0,165.0,0.0,0.0,0.0
0,1409700010941,1,8,11,18.0,10,2046.0,981.0,1064.0,697.0,1343.0,643.0,0.0,3.0,0.0
0,1409800011519,1,3,11,4.0,0,13366336.0,6591768.0,6774568.0,3868048.0,9498288.0,3970416.0,1086.0,1086.0,1086.0
2,1409800012428,1,19,33,37.0,15,21696964.0,10503790.0,11193174.0,5850448.0,15790620.0,6744784.0,1448.0,11584.0,1448.0
0,1410000010370,1,729,561,405.0,2250,13601344.0,6454000.0,7147344.0,2341880.0,11241024.0,4396096.0,1192.0,1192.0,1192.0
0,141010001097A,1,0,0,0.0,0,1334025.0,650264.0,683759.0,97019.0,1188495.0,480480.0,416.0,416.0,416.0
0,1410300150048,0,302,486,441.0,196,2869636.0,1402632.0,1467004.0,1013012.0,1854930.0,865633.0,511.0,1533.0,511.0
0,1410500010108,2,0,3,3.0,1,5607424.0,2744512.0,2862912.0,743552.0,4863872.0,2188032.0,924.0,924.0,924.0
0,1410800010148,0,0,3,0.0,10,4592449.0,2108712.0,2483737.0,981494.0,3598097.0,1866553.0,871.0,871.0,871.0
0,1411000010146,1,25,16,40.0,10,3829849.0,1821967.0,2007882.0,696692.0,3133157.0,1344459.0,687.0,687.0,687.0
0,141130001010A,0,0,1,0.0,0,160000.0,74800.0,85200.0,32400.0,127600.0,67600.0,169.0,169.0,169.0
4,141140001008A,25,5,16,7.0,10,3755844.0,1784898.0,1970946.0,815898.0,2939946.0,1437996.0,742.0,742.0,742.0
0,1411400050041,1,144,42,420.0,10,8561476.0,4298294.0,4263182.0,1934086.0,6624464.0,3031336.0,1036.0,1036.0,1036.0
0,1411800010233,0,3,4,4.0,10,5692996.0,2724812.0,2968184.0,1088016.0,4602594.0,2261928.0,948.0,948.0,948.0
0,1411900010090,4,16,4,1.0,10,2461761.0,1153215.0,1308546.0,561702.0,1895352.0,1308546.0,834.0,834.0,834.0
0,1412000011121,1,0,5,4.0,10,9566649.0,4719918.0,4846731.0,3535299.0,6028257.0,3170325.0,5125.0,1025.0,1025.0
0,1412000010706,1,7,1,0.0,0,9759376.0,4820332.0,4939044.0,1171500.0,8547264.0,3573856.0,1144.0,1144.0,1144.0
2,141200001027A,4,24,64,52.0,328,19465744.0,9481388.0,9984356.0,4010508.0,15406704.0,7800416.0,1768.0,1768.0,1768.0
0,1412000012346,1,1296,2888,1568.0,59290,8832784.0,4157828.0,4674956.0,2089316.0,6731580.0,3159236.0,1063.0,1063.0,1063.0
0,1412100010243,1,0,0,0.0,10,8579041.0,4290985.0,4288056.0,2000507.0,6555102.0,2539443.0,867.0,867.0,867.0
0,141240001018A,1,8,15,13.0,10,8473921.0,4139442.0,4334479.0,2608256.0,5865665.0,2823670.0,3880.0,2910.0,970.0
0,1410900010179,0,24,13,12.0,10,13801225.0,6783590.0,7017635.0,7500585.0,6293210.0,4978100.0,1340.0,1340.0,1340.0
0,1407600010123,2,4,8,1.0,1,5390.0,2550.0,2840.0,2158.0,3232.0,2245.0,2.0,2.0,2.0
0,1405300011023,4,0,0,0.0,0,168.0,76.0,91.0,24.0,143.0,74.0,0.0,0.0,0.0
0,1412000014605,0,48,3,1380.0,31,5973136.0,2861924.0,3111212.0,945828.0,5027308.0,1942980.0,795.0,795.0,795.0
0,1409600010094,4,361,192,1352.0,2560,12779.0,6171.0,6607.0,2429.0,10306.0,5184.0,2.0,2.0,2.0
0,1407400010078,0,0,1,0.0,0,2532.0,1199.0,1332.0,1334.0,1197.0,1102.0,1.0,1.0,3.0
0,1406400010194,3,5,3,1.0,0,3179.0,1484.0,1694.0,1109.0,2070.0,1198.0,1.0,1.0,1.0
0,140950001010A,8,30,112,352.0,1,5837.0,2717.0,3120.0,1635.0,4199.0,1818.0,1.0,1.0,1.0
0,1406700011885,4,2,1,0.0,10,1835.0,897.0,938.0,373.0,1461.0,818.0,2.0,2.0,2.0
0,1409708623414,1,4,3,43.0,0,2187441.0,1107771.0,1079670.0,522087.0,1665354.0,610827.0,413.0,413.0,413.0
0,1404400010098,1,748,75,28711.0,213160,7623.0,3808.0,3814.0,1755.0,5866.0,3303.0,2.0,2.0,2.0
0,1409300010139,0,4,11,9.0,0,3254.0,1553.0,1700.0,1301.0,1953.0,1115.0,0.0,0.0,0.0
0,1401300010246,0,56,192,144.0,10,2561.0,1266.0,1295.0,453.0,2108.0,1006.0,1.0,3.0,1.0
0,1405300010909,0,0,1,1.0,0,38700.0,18926.0,19774.0,8518.0,30097.0,11390.0,4.0,4.0,4.0
0,1412100010099,1,1,4,4.0,10,434281.0,209562.0,224719.0,206926.0,227355.0,170681.0,259.0,1295.0,1813.0
0,1406700010073,0,36,87,48.0,0,7052.0,3592.0,3459.0,3172.0,3878.0,2085.0,1.0,10.0,13.0
0,1403500010332,1,1,4,1.0,10,1000.0,505.0,494.0,64.0,935.0,357.0,0.0,0.0,2.0
0,1400600010186,1,3,2,8.0,10,2875.0,1408.0,1466.0,717.0,2154.0,1047.0,1.0,1.0,1.0
0,1401500010236,1,5,15,9.0,10,3883.0,1912.0,1970.0,612.0,3271.0,1328.0,1.0,7.0,1.0
0,1401800010261,1,0,5,3.0,10,713.0,356.0,357.0,243.0,469.0,287.0,1.0,1.0,1.0
0,140230001051A,1,18,45,101.0,10,4568.0,2152.0,2416.0,1013.0,3548.0,1360.0,1.0,1.0,1.0
0,1402400010131,1,0,1,1.0,10,2719.0,1333.0,1385.0,915.0,1802.0,927.0,1.0,1.0,4.0
0,1403700010093,1,0,4,2.0,10,1875.0,931.0,944.0,463.0,1408.0,646.0,1.0,1.0,1.0
0,1406700012597,1,14,64,53.0,10,3015.0,1471.0,1543.0,678.0,2328.0,1253.0,1.0,1.0,1.0
0,1408800010213,4,18,16,51.0,90,1242.0,598.0,643.0,236.0,1003.0,567.0,1.0,1.0,6.0
0,1409100010242,1,0,1,2.0,10,825.0,394.0,431.0,358.0,465.0,281.0,1.0,3.0,1.0
0,1409300010586,1,1,0,4.0,10,2922.0,1454.0,1468.0,763.0,2157.0,961.0,1.0,1.0,1.0
0,141000001039A,1,0,4,2.0,10,1838736.0,889535.0,949199.0,257640.0,1574316.0,649523.0,479.0,1916.0,2395.0
0,1412000014198,1,100,249,50.0,1,2808976.0,1308956.0,1500020.0,470956.0,2291092.0,1149736.0,686.0,686.0,686.0
0,1409400010282,2,5,10,3.0,16,4725.0,2309.0,2415.0,1203.0,3521.0,1313.0,1.0,1.0,3.0
0,1400300010131,1,2,4,10.0,10,3234.0,1597.0,1636.0,700.0,2534.0,1149.0,1.0,1.0,1.0
0,1400800010797,1,0,2,10.0,10,1619.0,783.0,835.0,814.0,804.0,669.0,1.0,1.0,1.0
0,1401700010137,1,0,1,10.0,10,3542.0,1664.0,1878.0,917.0,2618.0,1311.0,1.0,1.0,1.0
0,1402000010185,1,0,10,10.0,10,1336.0,655.0,681.0,438.0,898.0,577.0,1.0,1.0,1.0
0,1402100010360,0,0,0,0.0,0,709.0,363.0,345.0,166.0,541.0,280.0,0.0,0.0,0.0
0,1402200010141,1,0,1,10.0,10,564.0,264.0,299.0,65.0,498.0,210.0,0.0,0.0,0.0
0,1402500010143,0,1,3,10.0,10,1443.0,714.0,729.0,402.0,1041.0,540.0,2.0,0.0,3.0
0,1402700010171,0,0,0,0.0,0,5357.0,2480.0,2877.0,1730.0,3624.0,2212.0,2.0,2.0,2.0
0,1402900010138,4,10,13,33.0,3,1151.0,575.0,576.0,156.0,995.0,425.0,2.0,0.0,0.0
0,1403000010124,9,18,81,810.0,90,409.0,185.0,223.0,174.0,234.0,198.0,0.0,0.0,0.0
0,1403500010188,1,0,1,10.0,10,4602.0,2215.0,2387.0,2199.0,2403.0,1848.0,1.0,1.0,1.0
0,1403600010151,1,0,0,10.0,10,535.0,230.0,305.0,223.0,312.0,281.0,0.0,0.0,0.0
0,1403900011147,1,4,4,1.0,10,1741.0,839.0,902.0,412.0,1329.0,627.0,0.0,0.0,0.0
0,1403900010666,0,0,0,0.0,10,1535.0,759.0,775.0,458.0,1065.0,642.0,0.0,0.0,0.0
2,1409800012470,4,120,240,625.0,10,25704900.0,12228840.0,13476060.0,6616350.0,19078410.0,10084230.0,1989.0,1989.0,1989.0
0,1412000010814,0,1,3,9.0,10,4507129.0,2182444.0,2324685.0,972334.0,3528426.0,1505207.0,709.0,709.0,709.0
0,1403900015027,4,2,2,0.0,10,4092.0,1946.0,2146.0,950.0,3133.0,1364.0,1.0,1.0,1.0
0,1403900011433,1,112,544,4410.0,10,2629.0,1209.0,1419.0,480.0,2147.0,930.0,0.0,0.0,0.0
2,1410700080028,0,0,0,0.0,1,25080064.0,12149408.0,12930656.0,8994368.0,16085696.0,8213120.0,1640.0,1640.0,1640.0
0,1403900013637,1,1,5,1.0,10,923.0,445.0,477.0,250.0,672.0,334.0,1.0,1.0,1.0
0,1404100010077,3,4,6,8.0,0,1649.0,817.0,832.0,604.0,1045.0,794.0,1.0,1.0,1.0
0,140420001013A,1,1,1,10.0,10,1372.0,669.0,703.0,207.0,1161.0,498.0,7.0,5.0,1.0
0,1404300010226,1,0,4,10.0,10,1503.0,715.0,788.0,261.0,1240.0,624.0,1.0,4.0,1.0
0,1404400020115,2,1,4,8.0,10,1799.0,876.0,922.0,433.0,1366.0,615.0,1.0,1.0,1.0
0,1404600010158,1,0,9,10.0,10,1324.0,640.0,683.0,554.0,768.0,570.0,0.0,0.0,0.0
0,1404800010114,3,5,3,5.0,0,2020.0,927.0,1093.0,785.0,1235.0,902.0,1.0,1.0,1.0
0,1405000010184,4,6,9,17.0,1,4023.0,1988.0,2035.0,1550.0,2471.0,1351.0,1.0,1.0,1.0
0,1405300010627,1,3,10,17.0,10,5213.0,2564.0,2648.0,947.0,4265.0,1622.0,2.0,2.0,2.0
0,1405900010086,1,0,1,10.0,10,3436.0,1608.0,1828.0,1428.0,2007.0,1243.0,1.0,1.0,1.0
0,1406100010525,3,8,5,25.0,2,1541.0,742.0,799.0,182.0,1359.0,596.0,1.0,1.0,1.0
0,1406400010226,1,0,1,10.0,10,1447.0,687.0,760.0,508.0,939.0,434.0,1.0,16.0,5.0
0,1406600010216,1,1,0,10.0,10,1524.0,726.0,798.0,544.0,979.0,587.0,0.0,0.0,0.0
0,1406700380904,2,6,1,7.0,9,1234.0,596.0,638.0,240.0,993.0,521.0,1.0,3.0,1.0
0,1406800010259,2,6,27,11.0,8,333.0,140.0,193.0,88.0,244.0,141.0,1.0,1.0,1.0
0,1407000010045,0,1,1,1.0,10,2166.0,1037.0,1129.0,459.0,1706.0,824.0,1.0,1.0,1.0
0,1407300010259,2,1,3,2.0,1,1518.0,752.0,765.0,780.0,738.0,536.0,1.0,1.0,1.0
0,1407800010113,1,4,1,1.0,10,3414.0,1634.0,1780.0,1170.0,2243.0,1200.0,1.0,4.0,4.0
0,1408600010100,1,0,1,10.0,10,1704.0,809.0,894.0,623.0,1081.0,627.0,1.0,1.0,1.0
0,1408700010199,1,0,1,10.0,10,1258.0,592.0,665.0,267.0,990.0,568.0,1.0,1.0,1.0
0,1409600010126,1,1,1,10.0,10,1020.0,515.0,505.0,567.0,453.0,377.0,1.0,1.0,1.0
0,1409800011345,1,1,1,10.0,10,10394176.0,5084248.0,5309928.0,2833896.0,7502248.0,3369080.0,1045.0,1045.0,1045.0
0,1409800010296,2,6,6,9.0,10,9622404.0,4696428.0,4925976.0,3979866.0,5642538.0,2627394.0,847.0,847.0,847.0
0,1410500010112,1,1,1,10.0,10,6466849.0,3206723.0,3260126.0,1597004.0,4864759.0,2153921.0,847.0,847.0,847.0
2,1410800010082,1,0,4,10.0,10,16394401.0,7770031.0,8624370.0,3923481.0,12470920.0,5154377.0,10184.0,1273.0,1273.0
0,1411000010095,1,0,1,10.0,10,583696.0,291848.0,291848.0,234548.0,348384.0,296432.0,388.0,388.0,388.0
0,1411500010119,9,25,169,4840.0,10,7182400.0,3559040.0,3623360.0,2677320.0,4505080.0,2830080.0,1056.0,1056.0,1056.0
0,1411900010086,0,1,3,0.0,0,10995856.0,5206120.0,5789736.0,3422112.0,7557164.0,3392268.0,1023.0,1023.0,1023.0
0,1412000012628,1,0,0,0.0,10,4588164.0,2129148.0,2459016.0,2298366.0,2289798.0,1437282.0,671.0,671.0,671.0
0,1412400010527,1,441,1200,19360.0,10,2550409.0,1196153.0,1354256.0,514234.0,2028190.0,1017289.0,637.0,637.0,637.0
0,1403900010416,1,0,0,0.0,10,1377.0,582.0,794.0,372.0,1003.0,508.0,0.0,0.0,0.0
0,1403900010613,9,9,4,40.0,10,508.0,263.0,245.0,121.0,380.0,253.0,0.0,0.0,0.0
0,1403800010118,0,0,0,0.0,0,410.0,191.0,218.0,50.0,359.0,214.0,0.0,0.0,0.0
0,1401200010130,1,81,312,3610.0,10,9078.0,4344.0,4734.0,1811.0,7266.0,3569.0,3.0,3.0,3.0
0,1409800011330,4,371,376,320.0,10,7884864.0,3967704.0,3917160.0,2715336.0,5169528.0,3130920.0,1115.0,1115.0,1115.0
0,1403900011912,0,10,3,12.0,10,7055.0,3443.0,3611.0,2019.0,5015.0,2066.0,1.0,1.0,1.0
0,1412000016512,1,23,64,43.0,250,9728161.0,5083970.0,4644191.0,2345488.0,7382673.0,3926821.0,1259.0,3777.0,1259.0
0,1406700010942,1,0,0,0.0,10,1553.0,755.0,798.0,369.0,1183.0,526.0,0.0,0.0,0.0
2,1400100540033,1,0,1,0.0,1,52707600.0,25206720.0,27500880.0,16501980.0,36198360.0,15609000.0,2150.0,8600.0,2150.0
0,1400300010108,0,0,0,0.0,0,2128.0,1059.0,1068.0,724.0,1397.0,603.0,3.0,0.0,0.0
0,140030038024A,1,0,1,1.0,1,7376656.0,3476480.0,3900176.0,2911552.0,4465104.0,2539460.0,935.0,935.0,935.0
0,140040001004A,4,0,0,0.0,1,3300.0,1670.0,1630.0,1494.0,1806.0,870.0,1.0,1.0,1.0
0,1400500010070,1,0,0,0.0,1,2331.0,1140.0,1191.0,658.0,1670.0,892.0,1.0,1.0,1.0
0,1400600010237,1,0,0,0.0,0,568.0,267.0,301.0,154.0,413.0,201.0,0.0,0.0,0.0
0,1400600010256,0,0,0,0.0,0,4312.0,2003.0,2308.0,1290.0,3020.0,1519.0,2.0,2.0,2.0
0,1400600010398,2,2,1300,28934.0,10,6232.0,2993.0,3238.0,1634.0,4586.0,1917.0,1.0,1.0,1.0
0,1400700010075,1,10,0,0.0,1,24804.0,11953.0,12850.0,6980.0,17803.0,7773.0,3.0,3.0,3.0
0,1400800010123,0,0,0,0.0,0,9268.0,4396.0,4872.0,2725.0,6532.0,2833.0,1.0,1.0,1.0
2,1412500010100,1,0,10,1.0,1,52649536.0,25236368.0,27413168.0,12313432.0,40212752.0,18459264.0,2544.0,2544.0,2544.0
2,141250001005A,1,0,0,0.0,0,12895281.0,6255522.0,6639759.0,3910599.0,8833860.0,4323564.0,4816.0,1204.0,1204.0
0,1400802800392,1,0,1,1.0,1,35358.0,17434.0,17924.0,14680.0,20609.0,9100.0,3.0,11.0,3.0
0,1400900010135,1,0,0,0.0,1,728.0,370.0,358.0,172.0,556.0,244.0,0.0,7.0,0.0
0,1401000010102,2,6,7,4.0,1,3902.0,1866.0,2036.0,872.0,3030.0,1399.0,1.0,1.0,1.0
0,1401100010078,0,4,1,1.0,0,618.0,287.0,331.0,180.0,437.0,196.0,0.0,0.0,0.0
0,1401200010126,1,4,4,12.0,1,1498.0,722.0,776.0,350.0,1147.0,649.0,1.0,1.0,1.0
0,1401300010049,0,18,46,101.0,729,4095.0,2037.0,2057.0,848.0,3246.0,1397.0,2.0,12.0,8.0
4,1401300300119,25,225,21,48.0,12,1583.0,759.0,824.0,490.0,1093.0,534.0,1.0,8.0,1.0
0,1401400010046,0,0,0,0.0,0,5532.0,2620.0,2912.0,1464.0,4066.0,2218.0,2.0,8.0,2.0
0,1401500010147,2,8,1,0.0,0,9471.0,4401.0,5070.0,3435.0,6031.0,3913.0,3.0,3.0,3.0
0,1401500010043,0,2,1,0.0,0,240.0,112.0,127.0,131.0,101.0,102.0,0.0,0.0,0.0
0,1401500010166,1,4,0,2.0,10,1476.0,709.0,767.0,580.0,895.0,521.0,1.0,1.0,1.0
0,1401500010289,4,1,4,24.0,10,2358.0,1122.0,1236.0,943.0,1414.0,810.0,1.0,1.0,4.0
0,1401600100394,4,4,10,4.0,1,2593.0,1296.0,1296.0,507.0,2085.0,1294.0,2.0,11.0,23.0
0,1401600720125,9,51,84,56.0,4,11877.0,5652.0,6224.0,4135.0,7739.0,4409.0,3.0,3.0,3.0
0,1401600890229,1,9,9,4.0,1,1302.0,622.0,680.0,623.0,679.0,445.0,0.0,0.0,0.0
0,140180001012A,0,2,24,16.0,0,428.0,211.0,217.0,97.0,330.0,172.0,0.0,0.0,0.0
0,1401800270172,4,121,26010,15876.0,16,1866.0,879.0,986.0,394.0,1465.0,1006.0,2.0,2.0,2.0
0,140200001019A,3,32,34,25.0,0,7187.0,3448.0,3738.0,1595.0,5584.0,3198.0,3.0,3.0,3.0
0,1402100030375,1,9,9,8.0,10,6025.0,2915.0,3109.0,1172.0,4852.0,2068.0,9.0,27.0,17.0
0,1402100180144,1,1,10,4.0,1,219.0,107.0,111.0,148.0,70.0,108.0,0.0,0.0,0.0
0,1402200010137,0,0,0,0.0,1,1472.0,719.0,752.0,717.0,754.0,408.0,0.0,0.0,3.0
0,1402200060387,1,1,0,2.0,10,1046.0,483.0,562.0,433.0,612.0,444.0,0.0,0.0,0.0
0,1402200160616,9,121,3240,1936.0,25,35698.0,16805.0,18892.0,12010.0,23687.0,12390.0,7.0,65.0,7.0
0,1402200330334,1,0,0,0.0,0,754.0,382.0,371.0,242.0,512.0,262.0,0.0,3.0,1.0
0,1402300010609,9,1,0,0.0,5,1637.0,797.0,840.0,280.0,1357.0,634.0,1.0,1.0,7.0
0,1402300010492,0,1,0,9.0,10,134.0,66.0,68.0,12.0,121.0,72.0,0.0,0.0,0.0
0,1402300010257,4,16,14,104.0,1,2655.0,1324.0,1331.0,464.0,2191.0,941.0,1.0,19.0,11.0
0,1402400010108,1,0,0,0.0,0,256.0,135.0,121.0,58.0,198.0,107.0,0.0,0.0,0.0
0,1402400010112,0,24,567,3249.0,1156,703.0,356.0,346.0,142.0,561.0,251.0,0.0,1.0,0.0
0,1402400070273,1,1,10,1.0,1,9418.0,4560.0,4857.0,2019.0,7396.0,3249.0,2.0,10.0,12.0
0,1402500010232,0,2,11,30.0,4,636678.0,302458.0,334219.0,93164.0,543351.0,173624.0,59.0,59.0,59.0
0,1402600010066,0,85,289,2029.0,108,1682.0,824.0,858.0,444.0,1238.0,616.0,0.0,0.0,0.0
0,1402800010111,2,16,640,40.0,0,8091.0,3768.0,4323.0,1855.0,6236.0,3539.0,3.0,3.0,3.0
0,1403000010247,4,49,308,1711.0,1020,3.0,1.0,1.0,0.0,2.0,1.0,0.0,0.0,0.0
0,1403000020213,4,8,49,32.0,1,384.0,192.0,191.0,86.0,297.0,216.0,0.0,0.0,0.0
0,140300005043A,4,1,10,9.0,4,187.0,94.0,92.0,42.0,144.0,112.0,0.0,0.0,0.0
0,1403200010078,0,8,24,8.0,0,8387.0,3835.0,4552.0,3838.0,4523.0,3621.0,17.0,5.0,5.0
0,1403400010053,0,9,4,4.0,0,8653.0,4276.0,4377.0,5052.0,3589.0,3157.0,2.0,2.0,2.0
0,1403500170313,4,9,1,18.0,1,521.0,269.0,251.0,90.0,431.0,147.0,0.0,0.0,3.0
0,1403501380544,4,9,40,4.0,1,468.0,224.0,244.0,55.0,412.0,250.0,0.0,0.0,0.0
0,1403600010077,1,0,0,0.0,1,1660.0,787.0,872.0,741.0,918.0,551.0,0.0,0.0,0.0
0,140370001006A,0,0,0,0.0,10,726.0,342.0,384.0,182.0,544.0,274.0,0.0,0.0,0.0
0,140390001101A,1,0,1,0.0,0,1781.0,873.0,908.0,362.0,1419.0,672.0,1.0,1.0,1.0
0,1403900010365,4,5,11,196.0,1,3057.0,1416.0,1640.0,812.0,2241.0,1268.0,1.0,1.0,1.0
0,1412000010369,1,3,7,23.0,810,1795600.0,850900.0,944700.0,477040.0,1317220.0,771840.0,576.0,576.0,576.0
0,1403900014086,0,3,2,0.0,51,2179.0,982.0,1196.0,456.0,1720.0,747.0,0.0,0.0,0.0
0,1403900013726,1,17484,123008,202.0,4066,8063.0,3874.0,4189.0,2058.0,5998.0,2594.0,2.0,2.0,2.0
0,1403900015258,4,512,2244,9296.0,1764,1490.0,718.0,772.0,392.0,1098.0,549.0,0.0,0.0,0.0
0,1403900010539,1,0,1,3.0,0,1240.0,620.0,619.0,295.0,943.0,356.0,0.0,0.0,0.0
0,1403900015559,1,2,0,36.0,0,5523.0,2752.0,2771.0,2162.0,3357.0,1480.0,1.0,1.0,1.0
0,1403900013177,1,3,12,3.0,1,2029.0,990.0,1039.0,607.0,1422.0,610.0,0.0,0.0,0.0
0,140390001418A,1,2,1,12.0,1,1732.0,855.0,877.0,514.0,1216.0,581.0,0.0,0.0,0.0
0,1403900011471,1,25,25,42.0,1,12654.0,6266.0,6387.0,5029.0,7619.0,3158.0,7.0,1.0,1.0
0,1403900014480,1,1,0,3.0,1,3684.0,1780.0,1903.0,890.0,2792.0,1138.0,0.0,0.0,0.0
0,1403900013798,1,0,2,1.0,10,3075.0,1481.0,1594.0,1221.0,1836.0,907.0,0.0,0.0,0.0
0,1403900015563,1,8,16,6.0,10,7299.0,3615.0,3684.0,2222.0,5074.0,2132.0,1.0,1.0,1.0
0,1403900014391,1,1,3,7.0,10,7677.0,3789.0,3887.0,2501.0,5152.0,2249.0,1.0,1.0,1.0
0,1403900010276,1,3,3,7.0,10,1318.0,630.0,687.0,252.0,1065.0,450.0,0.0,0.0,0.0
0,1403900015510,1,4,2,11.0,0,5772.0,2785.0,2987.0,2044.0,3722.0,1465.0,1.0,1.0,1.0
0,1403900014921,1,3,2,1.0,0,16761.0,8060.0,8700.0,6173.0,10554.0,4702.0,2.0,2.0,2.0
0,1403900014993,1,8,7,20.0,1,2123.0,1068.0,1054.0,675.0,1446.0,510.0,0.0,0.0,0.0
0,1403900011467,1,5,12,6.0,0,1430.0,694.0,735.0,477.0,951.0,397.0,0.0,0.0,0.0
0,140390001279A,1,1,1,3.0,0,1739.0,851.0,888.0,613.0,1124.0,493.0,0.0,0.0,0.0
0,1403900010863,1,9,19,17.0,9,4440.0,2190.0,2250.0,1562.0,2875.0,1330.0,1.0,1.0,1.0
0,1403900011645,1,11,19,41.0,0,1315.0,633.0,681.0,470.0,843.0,619.0,0.0,0.0,0.0
0,1403900014512,1,7,24,12.0,0,4253.0,2075.0,2178.0,1270.0,2980.0,1304.0,1.0,1.0,1.0
0,1403900013374,1,7,18,14.0,0,5548.0,2746.0,2801.0,1871.0,3676.0,1439.0,1.0,1.0,1.0
0,1403900010238,1,8,12,6.0,0,4368.0,2098.0,2269.0,1363.0,3003.0,1240.0,1.0,1.0,1.0
0,1403900011683,1,9,26,23.0,4,3227.0,1589.0,1637.0,978.0,2237.0,1138.0,1.0,1.0,1.0
0,1404000010135,3,4,6,3.0,1,1032.0,497.0,535.0,133.0,897.0,343.0,0.0,0.0,0.0
0,1404200010214,9,10,26,43.0,40,18720.0,8946.0,9774.0,2120.0,16600.0,6360.0,61.0,61.0,61.0
0,1404300010279,0,2,0,0.0,4,10605.0,5357.0,5248.0,3973.0,6611.0,3766.0,6.0,6.0,6.0
0,1404400010100,1,0,0,2.0,10,2102.0,1065.0,1036.0,896.0,1205.0,643.0,1.0,1.0,1.0
0,1404400050261,4,25,1020,60.0,10,1680.0,831.0,848.0,678.0,1001.0,528.0,1.0,1.0,1.0
0,1404600010247,0,4,10,15.0,0,5097.0,2493.0,2604.0,1540.0,3556.0,1646.0,2.0,2.0,2.0
0,1404700010066,1,0,0,0.0,0,497.0,242.0,254.0,158.0,325.0,188.0,0.0,8.0,0.0
4,1404700050244,16,9,160,25.0,1,1421.0,670.0,751.0,350.0,1070.0,541.0,1.0,4.0,1.0
0,1404900010183,0,0,0,0.0,10,842.0,419.0,423.0,354.0,487.0,293.0,0.0,0.0,0.0
0,1405000080042,1,9,40,4.0,1,10118761.0,5080057.0,5038704.0,4097128.0,6008908.0,2248967.0,707.0,707.0,707.0
0,1405000110201,4,2,16,8.0,9,1717.0,840.0,877.0,450.0,1267.0,607.0,1.0,1.0,1.0
0,1405000170112,1,8,4,5.0,4,606.0,286.0,319.0,88.0,517.0,298.0,1.0,1.0,1.0
0,1405100010069,9,27,220,536.0,4,4166.0,1907.0,2259.0,759.0,3407.0,1519.0,1.0,1.0,1.0
0,1405200010121,9,1,5,4.0,0,20076.0,9919.0,10156.0,4542.0,15533.0,7015.0,4.0,4.0,4.0
0,1405300010330,0,0,0,1.0,0,760.0,346.0,414.0,233.0,527.0,237.0,0.0,1.0,1.0
0,1405300010542,0,2,4,1.0,0,393.0,190.0,202.0,66.0,327.0,148.0,0.0,0.0,0.0
0,1405300660947,4,4,1,4.0,1,136.0,64.0,71.0,14.0,121.0,76.0,0.0,0.0,0.0
0,1405300011165,1,30,420,825.0,302,1815.0,895.0,919.0,303.0,1511.0,574.0,1.0,1.0,1.0
0,1405400010041,2,3,24,16.0,4,23395.0,11158.0,12236.0,5040.0,18354.0,7661.0,4.0,26.0,4.0
4,1405500010087,16,0,0,0.0,0,155.0,70.0,84.0,32.0,122.0,87.0,0.0,0.0,2.0
0,1405500010123,0,8,1,0.0,0,634.0,307.0,326.0,236.0,397.0,293.0,0.0,0.0,0.0
0,1405600010099,1,40,180,192.0,10,7054.0,3528.0,3525.0,1863.0,5175.0,2727.0,3.0,9.0,9.0
0,1405700010043,4,2,18,18.0,0,358.0,160.0,197.0,65.0,293.0,205.0,0.0,0.0,0.0
0,1405800010248,0,0,0,0.0,1,205.0,96.0,109.0,37.0,168.0,114.0,0.0,0.0,0.0
0,1406000010176,4,49,145,1729.0,2,12024.0,5820.0,6204.0,2723.0,9301.0,3936.0,2.0,2.0,2.0
0,1406200010109,1,0,1,1.0,1,2667.0,1292.0,1374.0,564.0,2100.0,948.0,1.0,4.0,4.0
0,140630001052A,0,0,0,0.0,0,4131.0,1941.0,2189.0,842.0,3289.0,1098.0,3.0,13.0,35.0
0,1406300280746,9,16,490,81.0,1,2992900.0,1451470.0,1541430.0,894410.0,2098490.0,1387460.0,3208.0,802.0,802.0
0,1406400320300,1,4,4,2.0,1,2848.0,1446.0,1402.0,686.0,2162.0,858.0,4.0,1.0,1.0
0,140650001012A,0,0,2,1.0,0,5715.0,2810.0,2905.0,2566.0,3046.0,1504.0,4.0,8.0,1.0
0,140660011024A,1,2,0,0.0,1,1269.0,625.0,644.0,417.0,851.0,454.0,0.0,7.0,7.0
0,1406600190057,1,2,5,5.0,0,5664.0,2659.0,3004.0,3035.0,2628.0,962.0,11.0,20.0,10.0
0,1406600300038,1,0,1,1.0,0,1308736.0,668096.0,640640.0,319176.0,989560.0,400400.0,350.0,350.0,1050.0
0,1406600310184,4,128,3008,17672.0,2304,591.0,303.0,288.0,152.0,434.0,205.0,0.0,0.0,0.0
0,1406600330362,4,81,1210,256.0,4,1034.0,539.0,494.0,306.0,725.0,769.0,2.0,2.0,2.0
0,1406700012629,0,1,0,0.0,0,5953.0,2956.0,2997.0,1829.0,4095.0,3242.0,4.0,4.0,4.0
0,1406700010213,0,3,7,12.0,1,9310.0,4680.0,4630.0,2627.0,6602.0,3611.0,2.0,2.0,2.0
0,1406700012544,1,1,2,1.0,1,2619.0,1296.0,1322.0,612.0,2006.0,888.0,3.0,5.0,0.0
0,1406700280637,1,4,8,2.0,0,2375.0,1197.0,1177.0,706.0,1667.0,786.0,1.0,1.0,1.0
0,1406700311809,4,3,16,3.0,0,112.0,53.0,58.0,63.0,48.0,64.0,0.0,0.0,0.0
0,1406900010114,0,25,160,75.0,36,14349.0,7177.0,7172.0,3277.0,10968.0,4585.0,3.0,3.0,10.0
0,1407000010100,1,4,8,7.0,0,1561.0,784.0,776.0,622.0,936.0,448.0,2.0,7.0,2.0
0,140700014083A,1,0,0,4.0,0,487.0,248.0,239.0,126.0,361.0,133.0,0.0,0.0,0.0
0,1407000200242,1,9,90,4.0,1,15403.0,7684.0,7718.0,2277.0,13126.0,4740.0,4.0,105.0,19.0
0,140700021101A,1,0,1,0.0,1,5154.0,2598.0,2555.0,2074.0,3076.0,1528.0,1.0,15.0,4.0
4,1407000430295,16,8,9,16.0,1,151.0,77.0,74.0,49.0,102.0,58.0,0.0,0.0,0.0
0,1407100010095,1,4,2,3.0,2,2260.0,1094.0,1165.0,709.0,1550.0,826.0,1.0,1.0,1.0
0,1407200010088,4,2,12,25.0,0,5762.0,2741.0,3020.0,2280.0,3481.0,2341.0,9.0,9.0,3.0
0,1407300010278,0,0,0,1.0,0,1205.0,584.0,621.0,338.0,867.0,517.0,0.0,0.0,0.0
0,1407500010075,1,0,0,0.0,1,6574.0,3216.0,3357.0,1065.0,5508.0,2741.0,24.0,40.0,32.0
0,1407700050169,4,49,490,36.0,1,2181.0,1059.0,1122.0,871.0,1309.0,815.0,1.0,1.0,1.0
0,1407700150084,1,4,90,18.0,1,1312.0,621.0,691.0,435.0,877.0,468.0,0.0,0.0,1.0
0,1407700220296,4,4,160,49.0,4,75.0,37.0,38.0,9.0,65.0,37.0,0.0,0.0,0.0
0,1407800010217,2,0,3,5.0,4,63.0,29.0,33.0,20.0,42.0,30.0,0.0,0.0,0.0
0,1407900300248,1,84,1444,1806.0,1210,7688.0,3588.0,4099.0,1627.0,6056.0,2624.0,2.0,8.0,2.0
0,140800001015A,0,4,12,5.0,0,45877.0,22448.0,23428.0,12647.0,33217.0,12227.0,7.0,29.0,29.0
0,1408100010104,0,0,0,1.0,0,3947.0,1975.0,1972.0,808.0,3125.0,1528.0,3.0,3.0,3.0
0,1408200010046,0,0,0,0.0,1,1350.0,651.0,698.0,186.0,1164.0,442.0,0.0,0.0,1.0
0,1408200260351,1,1,0,1.0,1,2756.0,1390.0,1365.0,469.0,2285.0,902.0,1.0,3.0,1.0
0,140830001033A,1,4,90,3.0,1,1528.0,755.0,773.0,687.0,841.0,548.0,1.0,1.0,1.0
4,1408300040109,16,9,36,98.0,1,915.0,427.0,487.0,423.0,491.0,374.0,0.0,0.0,0.0
0,1408300130096,1,2,1,2.0,1,899.0,451.0,448.0,585.0,313.0,240.0,0.0,1.0,7.0
0,1408300160202,4,1,3,16.0,1,1280.0,607.0,673.0,117.0,1163.0,495.0,1.0,1.0,1.0
0,1408400010271,4,2,0,5.0,1,3905.0,1885.0,2020.0,961.0,2944.0,1852.0,3.0,3.0,3.0
0,1408600010083,1,16,72,91.0,2,2925.0,1500.0,1425.0,725.0,2200.0,1015.0,1.0,6.0,1.0
0,1408600190223,1,0,1,2.0,1,1885.0,896.0,989.0,393.0,1459.0,703.0,1.0,1.0,9.0
0,1408800010196,9,4,6,16.0,1,7054.0,3438.0,3615.0,1976.0,5074.0,2994.0,4.0,4.0,4.0
0,1408900010032,2,120,2964,101.0,804,2585.0,1270.0,1315.0,676.0,1909.0,863.0,1.0,1.0,1.0
0,1409000010118,2,0,108,110.0,4,3209.0,1520.0,1689.0,929.0,2277.0,1664.0,1.0,1.0,1.0
0,1409100010257,0,2,0,0.0,0,2684.0,1294.0,1389.0,918.0,1766.0,861.0,1.0,4.0,4.0
0,1409100710558,1,1,10,2.0,1,220.0,100.0,119.0,85.0,135.0,100.0,0.0,0.0,0.0
0,1409200010080,0,0,0,0.0,0,1358.0,654.0,703.0,271.0,1085.0,520.0,0.0,0.0,0.0
0,1409300010711,0,0,0,0.0,0,1040.0,465.0,574.0,510.0,530.0,487.0,1.0,1.0,1.0
0,1409300580637,4,1,0,0.0,0,491.0,244.0,247.0,182.0,308.0,157.0,0.0,1.0,2.0
0,1409301881014,4,12,81,40.0,4,64.0,32.0,32.0,33.0,30.0,27.0,0.0,0.0,0.0
0,1409302230603,1,0,1,3.0,1,786.0,389.0,396.0,347.0,438.0,349.0,3.0,5.0,2.0
0,1409302910675,1,2,40,9.0,1,6295.0,3102.0,3192.0,2455.0,3839.0,1844.0,1.0,4.0,1.0
0,1409401240507,0,8,3,1.0,0,13102.0,6589.0,6512.0,6127.0,6904.0,4006.0,4.0,4.0,4.0
0,1409600010145,0,1,1,0.0,0,215852.0,104509.0,111343.0,81912.0,133757.0,66149.0,51.0,51.0,51.0
0,1409600140179,1,784,12960,107584.0,196,560.0,280.0,279.0,241.0,318.0,238.0,0.0,3.0,0.0
0,1409700010918,0,0,1,0.0,10,3564.0,1850.0,1713.0,1195.0,2368.0,1130.0,4.0,15.0,8.0
0,1409700050335,1,0,1,1.0,10,633.0,313.0,319.0,273.0,358.0,209.0,0.0,2.0,0.0
0,1409700150956,1,0,4,1.0,10,3059.0,1481.0,1578.0,814.0,2244.0,1094.0,1.0,25.0,1.0
0,1409700250354,1,0,0,2.0,10,1129.0,565.0,564.0,458.0,670.0,321.0,0.0,0.0,0.0
0,1409700320180,1,1,16,3.0,40,4879681.0,2403392.0,2476289.0,1555136.0,3322336.0,1457940.0,660.0,660.0,660.0
2,1409700340388,1,3,4,3.0,10,48790225.0,24552275.0,24237950.0,15052675.0,33723580.0,15017750.0,15050.0,60200.0,30100.0
2,1409700350138,1,1,2,4.0,10,34316164.0,16847608.0,17468556.0,12957896.0,21328978.0,9536824.0,1628.0,1628.0,1628.0
0,1409700411009,1,0,0,0.0,0,4721929.0,2285996.0,2435933.0,1662345.0,3055238.0,1408104.0,648.0,648.0,648.0
0,1409700411263,1,4,9,4.0,10,3916441.0,1945357.0,1971084.0,1444670.0,2471771.0,1276455.0,645.0,645.0,645.0
2,1409700432613,1,9,4,16.0,0,29724304.0,14382376.0,15341928.0,8815884.0,20881160.0,9530096.0,1748.0,1748.0,1748.0
0,1409701150890,1,12,81,25.0,10,11249316.0,5443542.0,5805774.0,3890640.0,7355322.0,3481452.0,1038.0,1038.0,1038.0
2,1409800010385,1,49,98,60.0,10,31248100.0,15389270.0,15858830.0,7960160.0,23271170.0,8172580.0,1462.0,1462.0,1462.0
0,1409800011608,1,16,30,25.0,10,17164449.0,8120280.0,9044169.0,4984029.0,12176277.0,5750484.0,1388.0,1388.0,1388.0
0,1409800010281,1,5,16,16.0,160,10329796.0,4833856.0,5495940.0,5123116.0,5203466.0,3143292.0,978.0,978.0,978.0
0,1410100010433,9,8,12,32.0,10,343396.0,169354.0,174042.0,63287.0,280108.0,151774.0,259.0,259.0,259.0
2,1409800010370,1,9,4,1.0,10,10484644.0,5213180.0,5271464.0,3153812.0,7327594.0,2826774.0,6111.0,2619.0,5238.0
4,1409800011260,16,64,529,1444.0,40,848241.0,393267.0,454974.0,124335.0,723906.0,275379.0,299.0,299.0,299.0
0,1409800012767,1,1,0,0.0,10,1290496.0,637296.0,653200.0,126096.0,1164400.0,405552.0,357.0,357.0,4284.0
0,1409800010474,1,1,0,1.0,10,506944.0,267712.0,239232.0,98256.0,408688.0,199360.0,280.0,1120.0,1960.0
0,1409800011059,1,1,0,0.0,10,1792921.0,889096.0,903825.0,253071.0,1538511.0,610584.0,456.0,456.0,5016.0
2,1409800011152,1,0,1,0.0,10,28976689.0,14308014.0,14668675.0,12445496.0,16251277.0,7972223.0,1481.0,14810.0,1481.0
0,1409800011843,1,0,2,12.0,10,5885476.0,2899070.0,2986406.0,2278014.0,3600184.0,1649680.0,680.0,680.0,680.0
2,1409800010050,1,0,1,12.0,40,27133681.0,13173561.0,13960120.0,11454591.0,15658254.0,7500960.0,1440.0,1440.0,7200.0
0,1409800140027,1,0,3,5.0,10,14661241.0,7363167.0,7298074.0,5150005.0,9511236.0,3813684.0,995.0,995.0,995.0
0,1409900010128,0,5,6,3.0,0,3478225.0,1738180.0,1740045.0,1713935.0,1764290.0,1042535.0,559.0,559.0,559.0
2,1409900060081,1,3,6,32.0,1,42003361.0,20894744.0,21108617.0,18982849.0,23007550.0,11413041.0,1761.0,15849.0,12327.0
2,1410000010510,0,1,0,0.0,0,28547649.0,14260467.0,14287182.0,12417132.0,16119831.0,7138248.0,1336.0,1336.0,1336.0
2,1410000230597,1,16,36,102.0,160,32558436.0,16050978.0,16507458.0,12798558.0,19697112.0,8969832.0,1572.0,7859.0,1572.0
2,1410000650421,1,25,1020,196.0,25,15752961.0,7826868.0,7926093.0,6969564.0,8779428.0,4639761.0,4676.0,3507.0,1169.0
0,1410001890633,1,16,64,102.0,36,4665600.0,2272320.0,2393280.0,1507680.0,3140640.0,1270080.0,588.0,1764.0,588.0
0,1410100010927,0,0,0,0.0,0,4190209.0,2171867.0,2018342.0,1791125.0,2399084.0,1504545.0,735.0,735.0,735.0
0,1410100010397,4,3,2,16.0,4,335241.0,165015.0,170226.0,62532.0,272130.0,134907.0,233.0,233.0,233.0
0,1410100011018,4,3,5,4.0,1,6081156.0,2981394.0,3099762.0,1126962.0,4954194.0,2387088.0,968.0,968.0,968.0
0,1410100010999,4,12,12,27.0,9,974169.0,482643.0,491526.0,174699.0,799470.0,346437.0,351.0,351.0,351.0
0,1410100010382,4,2,1,9.0,1,434281.0,204290.0,229991.0,57992.0,376289.0,204290.0,310.0,310.0,310.0
0,1410100011126,4,2,4,6.0,10,1795600.0,865640.0,929960.0,884400.0,911200.0,765140.0,571.0,571.0,2855.0
0,1410100010202,1,1,1,5.0,10,4804864.0,2345440.0,2459424.0,1865392.0,2937280.0,2095552.0,956.0,956.0,956.0
2,1410100010772,9,12,98,108.0,10,39664804.0,19252986.0,20411818.0,7242700.0,32378018.0,11015202.0,5247.0,1749.0,1749.0
0,1410100011484,9,4,2,10.0,0,3129361.0,1494805.0,1634556.0,916342.0,2213019.0,1123315.0,635.0,635.0,635.0
0,1410100010645,4,4,5,9.0,0,680625.0,318450.0,362175.0,173250.0,507375.0,288750.0,350.0,350.0,350.0
0,1410100260683,4,2,4,2.0,4,368449.0,174816.0,193633.0,248870.0,118365.0,152357.0,251.0,251.0,251.0
0,1410200010089,1,0,0,0.0,1,1218816.0,581808.0,637008.0,248400.0,970415.0,485760.0,1320.0,440.0,3080.0
0,1410200010055,1,10,1,40.0,1,1800964.0,884378.0,916586.0,760914.0,1040050.0,526064.0,392.0,392.0,1960.0
0,1410300010033,2,3,8,5.0,2,399424.0,194656.0,204768.0,77736.0,321688.0,198448.0,942.0,1256.0,314.0
0,1410400010083,4,8,8,48.0,9,2927521.0,1384199.0,1543322.0,1753775.0,1173746.0,1105306.0,646.0,646.0,646.0
0,1410500010076,9,225,2116,4225.0,9,2365444.0,1081214.0,1284230.0,558294.0,1805612.0,1208868.0,786.0,786.0,786.0
2,1410600010069,0,338,264,231.0,760,20124196.0,9788451.0,10335744.0,4593664.0,15508102.0,7361525.0,1641.0,1641.0,1641.0
0,1410700010047,2,420,512,4321.0,202,9060100.0,4487910.0,4572190.0,1802990.0,7251090.0,4295270.0,1427.0,1427.0,1427.0
2,1410800010133,0,280,56,18564.0,0,46199209.0,21628054.0,24571155.0,14763084.0,31368155.0,14565971.0,2143.0,2143.0,2143.0
2,1410900010164,0,0,2,2.0,0,18679684.0,9128064.0,9551620.0,5752582.0,12888204.0,4965978.0,3447.0,1149.0,1149.0
2,1411000010080,0,1,2,3.0,0,19536400.0,9635600.0,9900800.0,7925060.0,11606920.0,4778020.0,1081.0,1081.0,5405.0
0,1411100010069,1,1,12,2.0,1,16410601.0,8235683.0,8174918.0,6522110.0,9852032.0,4136071.0,1021.0,3063.0,1021.0
0,141120001009A,0,1,16,1.0,0,17732521.0,8657816.0,9074705.0,4661577.0,13062522.0,4619467.0,1097.0,1097.0,1097.0
0,1411400010126,1,5,21,2.0,10,11648569.0,5539298.0,6109269.0,2982962.0,8655367.0,3372044.0,988.0,988.0,988.0
2,1411400020198,1,9,9,4.0,1,44930209.0,21764641.0,23165568.0,8687088.0,35901268.0,15631396.0,6996.0,2332.0,2332.0
0,1411400060268,1,4,9,9.0,1,6927424.0,3276840.0,3650584.0,2866248.0,4055912.0,1679216.0,638.0,638.0,638.0
1,1411500010231,0,5,4,5.0,4,322525681.0,160535501.0,161990180.0,127957875.0,194388216.0,80617951.0,26934.0,368098.0,13467.0
2,1411600010084,0,1,8,2.0,4,102111025.0,50070275.0,52040750.0,39682335.0,62004280.0,22806985.0,2257.0,2257.0,15799.0
0,1411700010096,1,8,16,9.0,0,3896676.0,1914780.0,1981896.0,1636446.0,2256282.0,1239672.0,628.0,628.0,628.0
0,1411800010318,0,0,0,0.0,0,14600041.0,7309572.0,7290467.0,5861413.0,8719521.0,4012049.0,1050.0,1050.0,1050.0
0,1412000013062,1,1,0,5.0,0,3952144.0,1866732.0,2085412.0,1250452.0,2699704.0,1079484.0,543.0,543.0,543.0
2,1412000012242,0,0,0,0.0,0,70274689.0,33733192.0,36541497.0,15734891.0,53969754.0,25735810.0,3070.0,3070.0,3070.0
0,1412000010392,1,0,0,0.0,0,9535744.0,4693760.0,4841984.0,2853312.0,6682432.0,2516720.0,815.0,815.0,815.0
0,1412000013236,1,0,0,0.0,0,19536400.0,9807980.0,9728420.0,7399080.0,12084280.0,4928300.0,1115.0,3345.0,1115.0
2,1412000012399,1,8,60,18.0,40,21427641.0,10651329.0,10776312.0,8471070.0,12785298.0,5702928.0,1232.0,1232.0,1232.0
0,1412000013039,1,8,18,12.0,10,5410276.0,2609772.0,2800504.0,1411882.0,3996068.0,1807302.0,777.0,777.0,777.0
2,1412000014268,1,6,12,3.0,10,53640976.0,26168652.0,27472324.0,11037268.0,42413284.0,17811968.0,2432.0,2432.0,2432.0
0,1412000013113,1,8,24,84.0,40,7059649.0,3398303.0,3661346.0,2186711.0,4872938.0,2380672.0,896.0,896.0,896.0
2,1412000014484,1,12,32,18.0,90,26061025.0,12277525.0,13783500.0,6866225.0,19046755.0,7289940.0,1428.0,1428.0,1428.0
2,1412000011206,0,8,12,5.0,4,22429696.0,10826496.0,11603200.0,6024192.0,16386560.0,8188544.0,1729.0,1729.0,1729.0
0,141200001212A,1,16,34,64.0,9,10797796.0,5257600.0,5540196.0,3029692.0,7768104.0,3029692.0,922.0,922.0,922.0
2,1412000010617,1,30,65,128.0,10,68707521.0,33056532.0,35650989.0,20581587.0,48101067.0,19818999.0,2391.0,2391.0,2391.0
2,1412000010602,1,16,49,12.0,10,26543104.0,13153056.0,13390048.0,8531712.0,17985632.0,7831040.0,1520.0,1520.0,1520.0
0,1412000016584,1,0,1,0.0,40,7828804.0,3906008.0,3922796.0,2677686.0,5137128.0,2230006.0,797.0,5579.0,797.0
2,1412000012454,4,8,20,24.0,40,22335076.0,10543706.0,11791370.0,8719470.0,13544716.0,5992568.0,1268.0,1268.0,1268.0
0,1412000010354,1,0,0,0.0,10,3055504.0,1531248.0,1524256.0,660744.0,880992.0,931684.0,533.0,533.0,533.0
0,1412000011634,4,6,8,21.0,90,10705984.0,5189392.0,5516592.0,4921088.0,5781624.0,3016784.0,922.0,922.0,2766.0
0,1412000012473,1,0,1,2.0,10,4351396.0,2198644.0,2152752.0,1095150.0,3254160.0,1679230.0,805.0,4830.0,805.0
2,1412000011901,1,4,12,8.0,10,23892544.0,12009816.0,11882728.0,11804520.0,12034256.0,6476600.0,1325.0,7950.0,1325.0
0,1412000012755,1,0,0,1.0,10,4613904.0,2178072.0,2435832.0,1883796.0,2715072.0,1159920.0,540.0,540.0,2160.0
0,1412000011742,1,0,4,5.0,4,13213225.0,6699305.0,6513920.0,4961775.0,8251450.0,3922165.0,1079.0,1079.0,1079.0
0,1412000013518,4,4,32,98.0,10,6770404.0,3286326.0,3484078.0,2562970.0,4181414.0,2162262.0,4986.0,831.0,831.0
2,1412000014342,9,4,5,8.0,10,17288964.0,8644482.0,8644482.0,4419954.0,12864852.0,5696460.0,28770.0,12330.0,19180.0
0,1412000015266,9,7,9,64.0,1,126025.0,60705.0,65320.0,47570.0,78455.0,41890.0,118.0,118.0,118.0
0,141200001422A,4,6,12,65.0,16,160801.0,74987.0,85814.0,72982.0,87819.0,52130.0,130.0,130.0,130.0
0,1412000014431,1,0,0,3.0,1,2108304.0,1012044.0,1096260.0,561924.0,1542024.0,821832.0,566.0,566.0,566.0
2,1412000012685,1,0,0,0.0,0,7800849.0,3843168.0,3957681.0,4496730.0,3147711.0,2714796.0,972.0,8748.0,8748.0
2,1412000013128,1,1,1,5.0,2,10265616.0,5241744.0,5023872.0,4245300.0,6020316.0,3252060.0,3045.0,5075.0,5075.0
0,1412000013325,4,2,0,1.0,0,1089.0,495.0,594.0,495.0,594.0,495.0,15.0,15.0,15.0
0,1412000011032,1,0,0,0.0,0,2765569.0,1401909.0,1363660.0,964540.0,1801029.0,793251.0,477.0,2385.0,477.0
0,1412000012632,1,0,1,0.0,0,18948609.0,9345891.0,9602718.0,8296818.0,10643085.0,5062539.0,1163.0,1163.0,1163.0
0,1412001395980,1,4,90,25.0,1,8708401.0,4376333.0,4332068.0,3231345.0,5456399.0,2328339.0,789.0,789.0,789.0
0,1412000016531,0,0,2,1.0,0,1658944.0,811440.0,847504.0,351624.0,1307320.0,459816.0,357.0,357.0,1785.0
0,1412002065054,1,1,10,4.0,1,3087049.0,1447768.0,1639281.0,1126237.0,1946756.0,1688477.0,961.0,961.0,961.0
0,1412002315887,0,4,12,9.0,10,6911641.0,3430845.0,3480796.0,1771946.0,5137066.0,2013814.0,766.0,3830.0,766.0
0,1412002434713,1,1,10,1.0,1,1153476.0,569220.0,584256.0,242724.0,910752.0,360864.0,336.0,336.0,336.0
0,1412000014662,1,8,4,27.0,10,219961.0,109746.0,110215.0,74102.0,145859.0,98959.0,211.0,211.0,211.0
0,141200001283A,1,8,4,4.0,10,1617984.0,806448.0,811536.0,580032.0,1037952.0,526608.0,1242.0,1242.0,1656.0
2,1412000012308,1,5,16,1.0,10,19377604.0,9464300.0,9913304.0,7140044.0,12233158.0,5088712.0,6936.0,1156.0,1156.0
0,1412100010116,0,0,0,0.0,1,1920996.0,960498.0,960498.0,471240.0,1449756.0,755370.0,545.0,545.0,545.0
0,141210021039A,1,16,160,25.0,1,1435204.0,715206.0,719998.0,324658.0,1110546.0,616970.0,515.0,515.0,515.0
0,1412200010058,0,0,0,0.0,0,29241.0,14535.0,14706.0,11970.0,17271.0,10089.0,59.0,177.0,59.0
0,1412300010093,1,3,1,1.0,9,988036.0,484078.0,503958.0,333984.0,654052.0,853846.0,859.0,859.0,859.0
0,1412300010106,1,9,36,12.0,1,1322500.0,668150.0,654350.0,434700.0,887800.0,740600.0,644.0,644.0,644.0
0,1412400010300,0,160,640,810.0,4,177241.0,84621.0,92620.0,24418.0,152823.0,67781.0,161.0,161.0,161.0
0,1412400940391,1,9,90,9.0,4,5480281.0,2673422.0,2806859.0,1877482.0,3602799.0,1732340.0,740.0,740.0,740.0
0,1412401760160,1,4,10,2.0,0,506944.0,243504.0,263440.0,81880.0,425064.0,271984.0,382.0,382.0,382.0
0,1410100011573,1,0,0,9.0,10,2184484.0,1115890.0,1068594.0,143366.0,2041118.0,830636.0,562.0,1686.0,3372.0
2,1410100010787,1,250,810,64.0,1,24770529.0,12004524.0,12766005.0,6753789.0,17981901.0,8152326.0,1638.0,1638.0,1638.0
0,1401200010183,1,90,1,9.0,1,0.0,0.0,0.0,0.0,0.0,0.0,0.0,0.0,0.0
0,1407000131433,1,4,90,8.0,1,4900.0,2450.0,2450.0,2310.0,2520.0,2170.0,31.0,31.0,31.0
0,140970424098A,1,8,40,27.0,10,1721344.0,843616.0,877728.0,733408.0,987936.0,596960.0,455.0,455.0,455.0
0,1403900013586,1,56,49,239.0,13690,313.0,149.0,164.0,92.0,221.0,91.0,0.0,0.0,0.0
0,1410100010490,1,0,9384,34.0,1,8988003.0,4359092.0,4628912.0,2467354.0,6520650.0,2941038.0,981.0,981.0,981.0
0,1403000030251,1,1,10,4.0,0,0.0,0.0,0.0,0.0,0.0,0.0,0.0,0.0,0.0
0,1407300010333,1,24,121,25.0,64,12005.0,5921.0,6083.0,4230.0,7775.0,3361.0,2.0,2.0,2.0
0,1407302210687,1,4,9,1.0,10,10097.0,5092.0,5004.0,3872.0,6222.0,2960.0,9.0,35.0,3.0
0,1407300010282,1,8,16,8.0,1,11853.0,5884.0,5968.0,3302.0,8547.0,3109.0,1.0,1.0,4.0
0,1407300010564,1,0,0,0.0,40,0.0,0.0,0.0,0.0,0.0,0.0,0.0,0.0,0.0
2,1412002316688,1,2,1,1.0,10,26245129.0,12325938.0,13919191.0,5435503.0,20799380.0,8468319.0,1653.0,1653.0,1653.0
0,1407800010397,1,1,0,0.0,90,446197.0,221839.0,224358.0,135087.0,310952.0,167048.0,96.0,96.0,96.0
0,1408500010226,1,16,25,81.0,10,464648.0,229432.0,235216.0,144278.0,319726.0,158417.0,47.0,47.0,47.0
0,140180001005A,1,16,2,16.0,10,2564.0,1241.0,1322.0,1169.0,1393.0,797.0,1.0,1.0,1.0
0,1403900011414,1,102,1960,144.0,10,4767.0,2428.0,2338.0,1996.0,2769.0,1378.0,0.0,0.0,0.0
0,1403900011363,2,25,18,102.0,10,6121.0,3035.0,3085.0,2422.0,3694.0,1696.0,1.0,1.0,1.0
0,1409800011631,1,0,0,1.0,40,1350244.0,655368.0,694875.0,485716.0,864527.0,452018.0,389.0,389.0,389.0
0,140250001011A,1,51,7839,44890.0,250,2895.0,1419.0,1475.0,1493.0,1402.0,1369.0,1.0,5.0,5.0
0,140530001099A,1,0,10,40.0,10,3284.0,1589.0,1694.0,788.0,2496.0,1102.0,1.0,1.0,1.0
0,1400800010373,1,0,10,40.0,10,4296.0,2166.0,2129.0,1206.0,3089.0,1385.0,2.0,2.0,2.0
0,1406300010322,1,2,40,40.0,10,1455.0,716.0,738.0,255.0,1200.0,360.0,0.0,2.0,2.0
0,1402300010223,1,2,10,40.0,10,13553.0,6553.0,6999.0,4533.0,9014.0,4066.0,1.0,1.0,1.0
0,1401500010306,1,84,9060,73960.0,90,0.0,0.0,0.0,0.0,0.0,0.0,0.0,0.0,0.0
0,1405800010356,1,2,40,10.0,10,22801.0,12039.0,10761.0,9640.0,13144.0,7724.0,14.0,14.0,14.0
0,1412000013698,1,12,441,8409.0,10,20736.0,10080.0,10656.0,12960.0,7776.0,7056.0,49.0,49.0,49.0
0,1410100091677,1,0,10,10.0,10,1503076.0,736826.0,766250.0,500208.0,988155.0,798126.0,651.0,651.0,651.0
0,1410100011639,1,4,160,90.0,10,8386815.0,4231055.0,4155759.0,1708640.0,6678175.0,2461600.0,850.0,850.0,850.0
0,1409800012771,1,12,10,10.0,10,3964081.0,1851630.0,2112451.0,947716.0,3016365.0,1523115.0,765.0,765.0,765.0
0,140970822155A,1,2,10,10.0,10,2217121.0,1091437.0,1125684.0,345448.0,1871673.0,786192.0,528.0,528.0,528.0
0,1412400010419,1,0,0,0.0,1,2968729.0,1476611.0,1492118.0,1597221.0,1368062.0,952819.0,553.0,2212.0,553.0
0,1402500010251,1,4,10,1.0,10,43712.0,21474.0,22238.0,13192.0,30452.0,13037.0,9.0,81.0,54.0
0,1401500010310,1,1,10,10.0,10,7684.0,3742.0,3941.0,1290.0,6383.0,2708.0,3.0,3.0,3.0
0,1410100091535,1,1,0,1.0,90,5484964.0,2566832.0,2918132.0,1023454.0,4461510.0,2091406.0,893.0,893.0,893.0
0,1406700280603,0,0,0,0.0,0,5.0,2.0,2.0,1.0,3.0,1.0,0.0,0.0,0.0
0,1402300010312,0,0,10,1.0,10,2062.0,1012.0,1049.0,595.0,1454.0,638.0,1.0,1.0,1.0
0,1400800010439,1,1,0,0.0,10,23331.0,11499.0,11831.0,6890.0,16419.0,8820.0,5.0,5.0,17.0
0,1400800010814,1,40,10,10.0,10,6079.0,3070.0,3008.0,2086.0,3991.0,1763.0,1.0,1.0,1.0
0,1401800010488,1,0,0,10.0,0,2037961.0,1019250.0,1018710.0,365289.0,1672671.0,639392.0,395.0,395.0,395.0
